drug_name,drug_idx
"1,25(oh)2d3",0
17-hydroxyprogesterone,1
18f-fdg,2
18f-flutemetamol,3
2-hydroxysuccinaldehyde,4
4-ap,5
4-methylpyrazole,6
4-pba,7
5-aminolevulinic,8
5-asa,9
5-aza-2'-deoxycytidine,10
5-azacytidine,11
5-fluorocytosine,12
5-fu,13
6-mercaptopurine,14
6-thioguanine,15
68ga,16
8-mop,17
a77,18
abacavir,19
abacavir-lamivudine,20
abarelix,21
abiraterone,22
ac1o3ha7,23
acamprosate,24
acarbose,25
acebutolol,26
acenocoumarol,27
acetaminophen,28
acetate,29
acetazolamide,30
acetohydroxamic,31
acetylcholine,32
acipimox,33
acitretin,34
aclidinium,35
acth(1-39,36
actinomycin,37
acyclovir,38
adapalene,39
adefovir,40
adenosine,41
afatinib,42
agomelatine,43
albendazole,44
alcaftadine,45
alclometasone,46
alendronate,47
alfentanil,48
alfuzosin,49
aliskiren,50
allopurinol,51
almeta,52
almotriptan,53
alogliptin,54
alosetron,55
alpha-methyl-p-tyrosine,56
alprazolam,57
alvimopan,58
alx,59
amantadine,60
ambrisentan,61
amcinonide,62
amd3100,63
amifostine,64
amikacin,65
amiloride,66
aminoglutethimide,67
aminophylline,68
amiodarone,69
amisulpride,70
amitriptyline,71
amlexanox,72
amlodipine,73
ammonia,74
ammonium,75
amobarbital,76
amorolfine,77
amoxapine,78
amoxicillin,79
amphetamine,80
amphotericin,81
ampicillin,82
amprenavir,83
amsacrine,84
anagrelide,85
anastrozole,86
anidulafungin,87
anthracycline,88
apas,89
apixaban,90
apomorphine,91
apraclonidine,92
apremilast,93
aprepitant,94
argatroban,95
argenine,96
arginine,97
aripiprazole,98
arsenic,99
articaine,100
ascorbate,101
asenapine,102
asp-tyr(so3h)-met-gly-trp-met-asp-phe-nh2,103
aspirin,104
atazanavir,105
atenolol,106
atomoxetine,107
atorvastatin,108
atosiban,109
atovaquone,110
atracurium,111
atropine,112
auranofin,113
avanafil,114
axitinib,115
azarga,116
azathioprine,117
azelaic,118
azelastine,119
azilsartan,120
azithromycin,121
aztreonam,122
baclofen,123
balsalazide,124
barium,125
bazedoxifene,126
bcnu,127
beclomethasone,128
belinostat,129
benazepril,130
benazeprilat,131
bendamustine,132
bendrofluazide,133
benicar-hct,134
benzathine,135
benzocaine,136
benzonatate,137
benzoyl,138
benzphetamine,139
benztropine,140
benzydamine,141
benzyl,142
benzylpenicilloyl,143
bepotastine,144
bepridil,145
besifloxacin,146
betahistine,147
betaine,148
betamethasone,149
betaxolol,150
bethanechol,151
bexarotene,152
bezafibrate,153
bicalutamide,154
bicarbonate,155
biguanide,156
bile,157
bimatoprost,158
bisacodyl,159
bisoprolol,160
bivalirudin,161
bleomycin,162
boceprevir,163
bortezomib,164
bosentan,165
bosutinib,166
bpti,167
bretylium,168
brimonidine,169
brinzolamide,170
brolene,171
bromazepam,172
bromcresol,173
bromfenac,174
bromhexine,175
bromocriptine,176
budesonide,177
bumetanide,178
bupivacaine,179
buprenorphine,180
bupropion,181
buscopan,182
buspirone,183
busulfan,184
butabarbital,185
butenafine,186
butoconazole,187
butorphanol,188
cabazitaxel,189
cabergoline,190
cabozantinib,191
caffeine,192
calcipotriol,193
calcium,194
canagliflozin,195
cancidas,196
candesartan,197
cantril,198
capecitabine,199
capreomycin,200
capsaicin,201
captopril,202
carbachol,203
carbamazepine,204
carbenicillin,205
carbidopa,206
carbimazole,207
carbinoxamine,208
carboplatin,209
carboprost,210
carfilzomib,211
carisoprodol,212
carnitine,213
carteolol,214
carvedilol,215
cas,216
cefaclor,217
cefadroxil,218
cefazolin,219
cefdinir,220
cefditoren,221
cefepime,222
cefixime,223
cefotaxime,224
cefotetan,225
cefoxitin,226
cefpodoxime,227
cefprozil,228
ceftaroline,229
ceftazidime,230
ceftizoxime,231
ceftobiprole,232
ceftriaxone,233
cefuroxime,234
celecoxib,235
celiprolol,236
cephalexin,237
cephem,238
cerivastatin,239
cetirizine,240
cetrorelix,241
cevimeline,242
cgp,243
chlorambucil,244
chloramphenicol,245
chlordiazepoxide,246
chlorhexidine,247
chloride,248
chloroprocaine,249
chloroquine,250
chlorpheniramine,251
chlorpromazine,252
chlorpropamide,253
chlorthalidone,254
chlorzoxazone,255
choline,256
chromium,257
ciclesonide,258
ciclopirox,259
cidofovir,260
cilazapril,261
cilostazol,262
cimetidine,263
cinacalcet,264
cinoxacin,265
ciprofloxacin,266
cisatracurium,267
cisplatin,268
citalopram,269
citric,270
cladribine,271
clarithromycin,272
clemastine,273
clevidipine,274
clindamycin,275
clobazam,276
clobetasol,277
clobetasone,278
clocortolone,279
clodronate,280
clofarabine,281
clofazimine,282
clomiphene,283
clomipramine,284
clonazepam,285
clonidine,286
clopidogrel,287
clorazepate,288
clotrimazole,289
clozapine,290
cobicistat,291
cocaine,292
codeine,293
colchicine,294
colesevelam,295
colestimide,296
colestipol,297
colestyramine,298
colimycin,299
conivaptan,300
conjugated,301
copolymer,302
copper,303
cortisol,304
cortisone,305
cosyntropin,306
crizotinib,307
crotamiton,308
cyanocobalamin,309
cyclizine,310
cyclobenzaprine,311
cyclopentolate,312
cyclophosphamide,313
cyproheptadine,314
cyproterone,315
cysteamine,316
cytarabine,317
cytokinin,318
d-cycloserine,319
d-penicillamine,320
d-telaprevir,321
dabigatran,322
dabrafenib,323
dacarbazine,324
dalbavancin,325
dalteparin,326
danazol,327
dantrolene,328
dapagliflozin,329
dapsone,330
darifenacin,331
darunavir,332
dasatinib,333
deferasirox,334
deferiprone,335
deferoxamine,336
degarelix,337
delamanid,338
delavirdine,339
delta,340
demeclocycline,341
demethyl,342
deprenyl,343
depreotide,344
desflurane,345
desipramine,346
desloratadine,347
desmopressin,348
desogestrel,349
desonide,350
desoximetasone,351
desvenlafaxine,352
dexamethasone,353
dexmedetomidine,354
dexpanthenol,355
dexrazoxane,356
dextran,357
dextromethorphan,358
dextrorphan,359
dfmo,360
diane-35,361
diatrizoate,362
diazepam,363
diazoxide,364
dichlorphenamide,365
diclofenac,366
dicloxacillin,367
dicyclomine,368
didanosine,369
diethylenetriaminepentaacetic,370
diethylpropion,371
diflorasone,372
diflunisal,373
digoxin,374
dihydrocodeine,375
dihydroergotamine,376
diltiazem,377
dimenhydrinate,378
dimercaprol,379
dimercaptosuccinic,380
diphenhydramine,381
dipivefrin,382
dipyridamole,383
disopyramide,384
disulfiram,385
dmso,386
dobutamine,387
docetaxel,388
dofetilide,389
dolasetron,390
dolutegravir,391
domperidone,392
donepezil,393
dopamine,394
doripenem,395
dorzolamide,396
dothiepin,397
doxapram,398
doxazosin,399
doxepin,400
doxercalciferol,401
doxorubicin,402
doxycycline,403
dronedarone,404
droperidol,405
drospirenone,406
duloxetine,407
dutasteride,408
dyphylline,409
eaca,410
ecallantide,411
echothiophate,412
econazole,413
edrophonium,414
edta,415
efavirenz,416
eicosapentaenoic,417
eletriptan,418
eliglustat,419
eltrombopag,420
elvitegravir,421
emedastine,422
empagliflozin,423
emtricitabine,424
enflurane,425
enfuvirtide,426
entacapone,427
entecavir,428
ephedrine,429
epinastine,430
epinephrine,431
epitopic,432
eplerenone,433
eprosartan,434
eptifibatide,435
ergonovine,436
ergotamine,437
eribulin,438
erlotinib,439
ertapenem,440
erythromycin,441
eslicarbazepine,442
esmolol,443
esomeprazole,444
estazolam,445
estradiol,446
estramustine,447
estriol,448
estrofem,449
estrone,450
ethacrynic,451
ethambutol,452
ethionamide,453
ethosuximide,454
ethotoin,455
etidronate,456
etodolac,457
etomidate,458
etoposide,459
etoricoxib,460
etravirine,461
everolimus,462
exemestane,463
exenatide,464
ezetimibe,465
famciclovir,466
famotidine,467
famp,468
fdurd,469
fe(iii,470
febuxostat,471
felbamate,472
felodipine,473
fenofibrate,474
fenofibric,475
fenoldopam,476
fenoprofen,477
fentanyl,478
ferumoxytol,479
fesoterodine,480
fexofenadine,481
fidaxomicin,482
finasteride,483
fk463,484
flavoxate,485
flecainide,486
florbetaben,487
florbetapir,488
flucloxacillin,489
fluconazole,490
fludarabine,491
fludrocortisone,492
flumazenil,493
flumethasone,494
flunisolide,495
flunitrazepam,496
fluocinolone,497
fluocinonide,498
fluorescein,499
fluoride,500
fluorometholone,501
fluoxetine,502
fluoxymesterone,503
fluphenazine,504
flurandrenolone,505
flurazepam,506
flurbiprofen,507
flutamide,508
fluticasone,509
fluticasone/salmeterol,510
fluvastatin,511
fluvoxamine,512
folate,513
fondaparinux,514
formoterol,515
forteo,516
fosamprenavir,517
fosaprepitant,518
foscarnet,519
fosfomycin,520
fosinopril,521
fosinoprilat,522
fosphenytoin,523
fospropofol,524
fotemustine,525
fp-cit,526
frovatriptan,527
fty720,528
furosemide,529
fusidic,530
gabapentin,531
gadobenate,532
gadobutrol,533
gadodiamide,534
gadofosveset,535
gadolinium,536
gadopentetate,537
gadoteridol,538
gadoversetamide,539
galantamine,540
gamma-aminobutyric,541
ganciclovir,542
gatifloxacin,543
gd-dtpa,544
gd-eob-dtpa,545
ge-132,546
gefitinib,547
gemcitabine,548
gemeprost,549
gemfibrozil,550
gemifloxacin,551
gentamicin,552
glat,553
glibenclamide,554
gliclazide,555
glimepiride,556
glipizide,557
glucagon,558
glucose,559
glutamine,560
glycerol,561
glycine,562
glycopyrrolate,563
gold,564
gonadorelin,565
goserelin,566
granisetron,567
graphene,568
griseofulvin,569
guaifenesin,570
guanfacine,571
guanidinium,572
halcinonide,573
halobetasol,574
halofantrine,575
haloperidol,576
hemin,577
heparin,578
hepatitis,579
hetastarch,580
hexachlorophene,581
hexamethylmelamine,582
hexaminolevulinate,583
histamine,584
histrelin,585
hmdp,586
hoe,587
homatropine,588
humalog,589
hydralazine,590
hydrochlorothiazide,591
hydrocodone,592
hydrocortisone,593
hydroflumethiazide,594
hydromorphone,595
hydroxocobalamin,596
hydroxybutyrate,597
hydroxychloroquine,598
hydroxyl,599
hydroxypropyl,600
hydroxyurea,601
hydroxyzine,602
ibandronate,603
ibuprofen,604
ibutilide,605
ici,606
icodextrin,607
idarubicin,608
idurd,609
ifosfamide,610
iloperidone,611
iloprost,612
imatinib,613
imipramine,614
imiquimod,615
implanon,616
indacaterol,617
indapamide,618
indinavir,619
indomethacin,620
insulin,621
iodide,622
iodipamide,623
iodixanol,624
iohexol,625
iopamidol,626
iopromide,627
iotrolan,628
ioversol,629
ioxaglate,630
ioxilan,631
ipratropium,632
irbesartan,633
irbesartan-hydrochlorothiazide,634
irinotecan,635
iron,636
isocarboxazid,637
isoflurane,638
isomannide,639
isoniazid,640
isopropyl,641
isoproterenol,642
isosorbide,643
isosorbide-5-mononitrate,644
isosulfan,645
isoxsuprine,646
isradipine,647
itraconazole,648
ivabradine,649
ivacaftor,650
ivermectin,651
ixabepilone,652
k779,653
kaluril,654
kanamycin,655
ketamine,656
ketoconazole,657
ketoprofen,658
ketorolac,659
ketotifen,660
l-dmp,661
l-threo-dops,662
labetalol,663
lacosamide,664
lactate,665
lactulose,666
lamivudine,667
lamotrigine,668
lanreotide,669
lansoprazole,670
lanthanum,671
lantus,672
lapatinib,673
lasofoxifene,674
latanoprost,675
leflunomide,676
lenalidomide,677
lercanidipine,678
letrozole,679
leucovorin,680
leuprorelin,681
levetiracetam,682
levobunolol,683
levocabastine,684
levodopa/carbidopa,685
levomepromazine,686
levonorgestrel,687
levosimendan,688
lidocaine,689
linaclotide,690
linagliptin,691
lincomycin,692
lindane,693
linezolid,694
lioh,695
liraglutide,696
lisdexamfetamine,697
lisinopril,698
lisuride,699
lithium,700
lmwh,701
locorten,702
lodoxamide,703
lomefloxacin,704
lomitapide,705
lomustine,706
loperamide,707
loratadine,708
lorazepam,709
lorcaserin,710
lormetazepam,711
losartan,712
loteprednol,713
lovastatin,714
lovaza,715
loxapine,716
lu,717
lubiprostone,718
luliconazole,719
lurasidone,720
lutalyse,721
ly146032,722
lymecycline,723
lyxumia,724
macitentan,725
madopar,726
mafenide,727
magnesium,728
malathion,729
malvidin,730
mannitol,731
maprotiline,732
maraviroc,733
mdv3100,734
mebendazole,735
mebeverine,736
mebrofenin,737
mecamylamine,738
meclofenamate,739
medroxyprogesterone,740
medrysone,741
mefenamic,742
mefloquine,743
megestrol,744
melatonin,745
meloxicam,746
melphalan,747
memantine,748
meperidine,749
mephenytoin,750
mepivacaine,751
meprobamate,752
meropenem,753
mersyndol,754
mesna,755
metaiodobenzylguanidine,756
metaproterenol,757
metaxalone,758
metformin,759
methacholine,760
methadone,761
methamphetamine,762
methazolamide,763
methenamine,764
methimazole,765
methocarbamol,766
methohexital,767
methotrexate,768
methsuximide,769
methyclothiazide,770
methyl,771
methyldopa,772
methylene,773
methylergometrine,774
methylnaltrexone,775
methylphenidate,776
methylprednisolone,777
methyltestosterone,778
methysergide,779
metipranolol,780
metoclopramide,781
metolazone,782
metoprolol,783
metrodin,784
metronidazole,785
metyrapone,786
mexiletine,787
mianserin,788
miconazole,789
midazolam,790
midodrine,791
mifepristone,792
miglitol,793
miglustat,794
milnacipran,795
milrinone,796
minocycline,797
minoxidil,798
mipomersen,799
mirabegron,800
mirtazapine,801
misoprostol,802
mitomycin,803
mitotane,804
mitoxantrone,805
mivacurium,806
mk-462,807
mndpdp,808
moclobemide,809
modafinil,810
moexiprilat,811
molindone,812
mometasone,813
monamine,814
monobenzone,815
monoethanolamine,816
monomethylfumarate,817
monomycin,818
montelukast,819
morphine,820
moxifloxacin,821
moxonidine,822
mthpc,823
mupirocin,824
mycophenolate,825
mycophenolic,826
n-3,827
n-acetylcysteine,828
n-carbamylglutamate,829
n-methylscopolamine,830
nabilone,831
nabumetone,832
nadolol,833
nafarelin,834
nafcillin,835
naftifine,836
nalbuphine,837
nalidixic,838
nalmefene,839
naloxone,840
naltrexone,841
nandrolone,842
naphazoline,843
naproxen,844
naratriptan,845
natamycin,846
nateglinide,847
nebivolol,848
nedocromil,849
nefazodone,850
nefopam,851
nelarabine,852
nelfinavir,853
neomycin,854
neostigmine,855
nepafenac,856
nesiritide,857
nevirapine,858
niacin,859
nicardipine,860
nicorandil,861
nicotine,862
nifedipine,863
nilotinib,864
nilutamide,865
nimodipine,866
nisoldipine,867
nitazoxanide,868
nitrazepam,869
nitric,870
nitrite,871
nitrofurantoin,872
nitrogen,873
nitroglycerin,874
nitroprusside,875
nitrous,876
nizatidine,877
norepinephrine,878
norethisterone,879
norfloxacin,880
nortriptyline,881
novolog,882
nsc,883
ntbc,884
nuvaring,885
nuvocid,886
nystatin,887
o291,888
ocrh,889
octreotide,890
oestrogen,891
ofatumumab,892
ofloxacin,893
ogen,894
olanzapine,895
olmesartan,896
olodaterol,897
olopatadine,898
olsalazine,899
omeprazole,900
ondansetron,901
optison,902
org,903
orlistat,904
orphenadrine,905
oseltamivir,906
ospemifene,907
oxacillin,908
oxaliplatin,909
oxandrolone,910
oxaprozin,911
oxazepam,912
oxcarbazepine,913
oxiconazole,914
oxprenolol,915
oxybutynin,916
oxycodone,917
oxymetholone,918
oxymorphone,919
oxytetracycline,920
oxytocin,921
p-aminohippurate,922
paclitaxel,923
paliperidone,924
palonosetron,925
pamidronate,926
pancuronium,927
pantoprazole,928
papaverine,929
paraldehyde,930
parecoxib,931
paricalcitol,932
paromomycin,933
paroven,934
paroxetine,935
pazopanib,936
pci-32765,937
pegaptanib,938
pemetrexed,939
pemirolast,940
penbutolol,941
penciclovir,942
penicillin,943
pentamidine,944
pentastarch,945
pentazocine,946
pentobarbital,947
pentosan,948
pentostatin,949
pentoxifylline,950
pep005,951
perampanel,952
pergolide,953
perhexiline,954
perindopril,955
perindoprilat,956
permethrin,957
perphenazine,958
pertechnetate,959
pge1,960
pge2,961
phencyclidine,962
phendimetrazine,963
phenelzine,964
phenobarbital,965
phenoxybenzamine,966
phentermine,967
phentolamine,968
phenylazo,969
phenylbutyric,970
phenylephrine,971
phenyllactate,972
phenylpropanolamine,973
phenytoin,974
phosphate,975
photofrin,976
physostigmine,977
pilocarpine,978
pimecrolimus,979
pimozide,980
pinaverium,981
pindolol,982
pioglitazone,983
piperacillin,984
pirbuterol,985
pirfenidone,986
piroxicam,987
pitavastatin,988
pixantrone,989
pizotifen,990
podophyllotoxin,991
poly(styrene,992
polymyxin,993
polyoxyethylene,994
polythiazide,995
pomalidomide,996
ponatinib,997
posaconazole,998
potassium,999
pralatrexate,1000
pralidoxime,1001
pramipexole,1002
prasugrel,1003
pravastatin,1004
praziquantel,1005
prazosin,1006
prednefrin,1007
prednicarbate,1008
prednisolone,1009
prednisone,1010
pregabalin,1011
prilocaine,1012
primaquine,1013
primidone,1014
probenecid,1015
procainamide,1016
procaine,1017
procarbazine,1018
prochlorperazine,1019
progesterone,1020
proguanil,1021
promacta,1022
promethazine,1023
propafenone,1024
propantheline,1025
proparacaine,1026
propericiazine,1027
propofol,1028
propoxyphene,1029
propranolol,1030
propylthiouracil,1031
prostacyclin,1032
prostaglandin,1033
protirelin,1034
protriptyline,1035
prucalopride,1036
prussian,1037
pyrantel,1038
pyrazinamide,1039
pyridostigmine,1040
pyridoxine,1041
pyrimethamine,1042
quazepam,1043
quetiapine,1044
quinapril,1045
quinaprilat,1046
quinidine,1047
quinol,1048
rabeprazole,1049
radium,1050
raloxifene,1051
raltegravir,1052
raltitrexed,1053
ramelteon,1054
ramipril,1055
ramiprilat,1056
ranitidine,1057
ranolazine,1058
rapamycin,1059
rasagiline,1060
rasburicase,1061
reboxetine,1062
refludan,1063
regadenoson,1064
regorafenib,1065
remifentanil,1066
repaglinide,1067
rescinnamine,1068
reserpine,1069
retapamulin,1070
retigabine,1071
retinoic,1072
retinol,1073
revasc,1074
ribavirin,1075
rifabutin,1076
rifampicin,1077
rifapentine,1078
rifaximin,1079
rilpivirine,1080
riluzole,1081
rimantadine,1082
rimexolone,1083
rimonabant,1084
riociguat,1085
risedronate,1086
risperidone,1087
ritonavir,1088
rivaroxaban,1089
rivastigmine,1090
rizatriptan,1091
rocuronium,1092
rofecoxib,1093
roflumilast,1094
romidepsin,1095
ropinirole,1096
ropivacaine,1097
rosiglitazone,1098
rosuvastatin,1099
rotigotine,1100
roxithromycin,1101
rufinamide,1102
ruxolitinib,1103
s-benzoylmercaptoacetyltriglycine,1104
sacrosidase,1105
salbutamol,1106
salicylate,1107
salmeterol,1108
salmon,1109
salsalate,1110
samarium,1111
saquinavir,1112
sativex,1113
saxagliptin,1114
scopolamine,1115
secobarbital,1116
selenium,1117
sertaconazole,1118
sertraline,1119
sevelamer,1120
sevoflurane,1121
sibutramine,1122
signifor,1123
sildenafil,1124
silodosin,1125
silver,1126
simvastatin,1127
sitagliptin,1128
sitaxsentan,1129
sodium,1130
sofosbuvir,1131
solifenacin,1132
som230,1133
sonovue,1134
sorafenib,1135
sotalol,1136
sparfloxacin,1137
spectinomycin,1138
spinosad,1139
spironolactone,1140
stalevo,1141
stavudine,1142
stiripentol,1143
streptomycin,1144
streptozotocin,1145
strontium,1146
su5416,1147
succinylcholine,1148
sufentanil,1149
sugammadex,1150
sulconazole,1151
sulfacetamide,1152
sulfadiazine,1153
sulfamethoxazole,1154
sulfasalazine,1155
sulfonamide,1156
sulindac,1157
sumatriptan,1158
sunitinib,1159
supremon,1160
suprofen,1161
suvorexant,1162
symlin,1163
t-a2-3,1164
tacrolimus,1165
tadalafil,1166
tadenan,1167
tafamidis,1168
tafluprost,1169
tamoxifen,1170
tamsulosin,1171
tapentadol,1172
tasimelteon,1173
tazarotene,1174
technetium-99m,1175
teduglutide,1176
tegaserod,1177
telavancin,1178
telithromycin,1179
telmisartan,1180
temazepam,1181
temozolomide,1182
temsirolimus,1183
teniposide,1184
tenofovir,1185
tenoxicam,1186
terazosin,1187
terbinafine,1188
terbutaline,1189
terconazole,1190
terlipressin,1191
tesamorelin,1192
testolactone,1193
testosterone,1194
tetrabenazine,1195
tetracaine,1196
tetracycline,1197
tetraen,1198
tetrahydrobiopterin,1199
tetrahydrozoline,1200
tetrofosmin,1201
thalidomide,1202
theophylline,1203
thiabendazole,1204
thiamine,1205
thiazide,1206
thioridazine,1207
thiosulfate,1208
thiotepa,1209
thiothixene,1210
thymidine,1211
thyroxine,1212
tiagabine,1213
tiaprofenic,1214
tibolone,1215
ticagrelor,1216
ticlopidine,1217
tigecycline,1218
tiludronate,1219
timentin,1220
timolol,1221
tinidazole,1222
tiopronin,1223
tiotropium,1224
tipranavir,1225
tirofiban,1226
tizanidine,1227
tlcl,1228
tmc207,1229
tmc435,1230
tobramycin,1231
tofacitinib,1232
tolazamide,1233
tolbutamide,1234
tolcapone,1235
tolmetin,1236
tolterodine,1237
tolvaptan,1238
topiramate,1239
topotecan,1240
torasemide,1241
toremifene,1242
tpgs,1243
tr-700,1244
trabectedin,1245
tramadol,1246
tramazoline,1247
trametinib,1248
trandolapril,1249
trandolaprilat,1250
tranexamic,1251
trans,1252
tranylcypromine,1253
travoprost,1254
trazodone,1255
treprostinil,1256
triamcinolone,1257
triamterene,1258
triazolam,1259
triclosan,1260
trien,1261
trifluoperazine,1262
trifluorothymidine,1263
trihexyphenidyl,1264
triiodothyronine,1265
trimethadione,1266
trimethobenzamide,1267
trimethoprim,1268
trimethoprim-sulfamethoxazole,1269
trimetrexate,1270
trimipramine,1271
triphasil,1272
triptorelin,1273
tris,1274
trisequens,1275
troglitazone,1276
tropicamide,1277
tropisetron,1278
trospium,1279
trovafloxacin,1280
udca,1281
ulipristal,1282
umeclidinium,1283
unoprostone,1284
ustekinumab,1285
v,1286
vacv,1287
valdecoxib,1288
valganciclovir,1289
vallergan,1290
valproate,1291
valrubicin,1292
valsartan,1293
vancocine,1294
vandetanib,1295
vardenafil,1296
varenicline,1297
vasopressin,1298
vecuronium,1299
vemurafenib,1300
venlafaxine,1301
verapamil,1302
vernakalant,1303
verteporfin,1304
vigabatrin,1305
vilazodone,1306
vildagliptin,1307
vinblastine,1308
vincristine,1309
vinflunine,1310
vinorelbine,1311
vismodegib,1312
vitamin,1313
vitrum,1314
vorapaxar,1315
voriconazole,1316
vorinostat,1317
warfarin,1318
westcort,1319
x,1320
yttrium,1321
zafirlukast,1322
zalcitabine,1323
zaleplon,1324
zanamivir,1325
ziconotide,1326
zidovudine,1327
zidovudine/lamivudine,1328
zileuton,1329
zinc,1330
ziprasidone,1331
zncl2,1332
zoledronic,1333
zolmitriptan,1334
zolpidem,1335
zonisamide,1336
zopiclone,1337
zuclopenthixol,1338
zyprexa,1339
