drug_idx,drug_name,x,y,predicted_target_class
0,"1,25(oh)2d3",0.7299311,-0.015024975,human_cell
1,17-hydroxyprogesterone,1.300205,0.28213155,human_cell
2,18f-fdg,-2.735474,0.047033623,fungus
3,18f-flutemetamol,-2.328511,0.17556368,bacteria
4,2-hydroxysuccinaldehyde,-0.8875911,0.08197147,human_cell
5,4-ap,-1.4774592,-0.06341839,fungus
6,4-methylpyrazole,-0.9378803,0.13984573,bacteria
7,4-pba,-0.98407626,0.015802354,human_cell
8,5-aminolevulinic,-0.088449,-0.046530947,human_cell
9,5-asa,4.4014645,0.07223375,human_cell
10,5-aza-2'-deoxycytidine,2.232147,0.16977611,human_cell
11,5-azacytidine,3.9184554,-0.07945457,human_cell
12,5-fluorocytosine,-1.1943786,-0.07151806,fungus
13,5-fu,1.5305674,-0.056124598,human_cell
14,6-mercaptopurine,-0.9484625,-0.11594525,virus
15,6-thioguanine,-1.476315,0.15407442,bacteria
16,68ga,-1.2986395,0.081900224,bacteria
17,8-mop,-0.85595846,-0.020639002,bacteria
18,a77,-0.095018625,-0.16519034,virus
19,abacavir,0.2646277,-0.03155695,human_cell
20,abacavir-lamivudine,-1.1614246,-0.12923768,virus
21,abarelix,-1.6477714,0.22104125,bacteria
22,abiraterone,-1.107398,-0.04617758,fungus
23,ac1o3ha7,-2.3559103,0.11688345,bacteria
24,acamprosate,1.057924,-0.24410444,virus
25,acarbose,-0.34650636,0.17217952,human_cell
26,acebutolol,0.073946714,0.041337818,human_cell
27,acenocoumarol,-1.0337217,0.038090035,fungus
28,acetaminophen,1.1569536,-0.11692023,human_cell
29,acetate,-2.4329967,0.05729893,fungus
30,acetazolamide,-0.9284508,-0.020697191,bacteria
31,acetohydroxamic,-1.6583037,0.0832906,bacteria
32,acetylcholine,-2.129687,0.06678698,fungus
33,acipimox,-2.0063844,0.01906757,fungus
34,acitretin,3.1110275,0.09434678,human_cell
35,aclidinium,-1.8323302,-0.0030316114,fungus
36,acth(1-39,-0.567611,0.023963481,bacteria
37,actinomycin,-0.78546643,0.048101023,bacteria
38,acyclovir,1.8232033,-0.64164126,virus
39,adapalene,-0.62408185,-0.056303814,fungus
40,adefovir,-1.1423364,-0.12027708,virus
41,adenosine,0.48504663,0.1556218,human_cell
42,afatinib,0.73009133,0.07343625,human_cell
43,agomelatine,-1.3650002,-0.09997541,virus
44,albendazole,-1.9757764,-0.027548075,fungus
45,alcaftadine,-2.3509169,-0.0036001205,fungus
46,alclometasone,-2.2627351,-0.10619369,fungus
47,alendronate,2.2298768,0.23131873,human_cell
48,alfentanil,0.6092751,0.06936305,human_cell
49,alfuzosin,0.5581901,-0.13922268,virus
50,aliskiren,-0.40589547,-0.11906347,fungus
51,allopurinol,1.8107464,-0.21427867,virus
52,almeta,-2.2432256,-0.09926137,fungus
53,almotriptan,-0.0985651,-0.13796172,virus
54,alogliptin,-2.4327374,0.029952556,fungus
55,alosetron,1.0876243,-0.04011877,human_cell
56,alpha-methyl-p-tyrosine,-1.5183678,0.09079468,bacteria
57,alprazolam,1.701525,-0.09327373,human_cell
58,alvimopan,-2.5356798,0.0019971281,fungus
59,alx,-1.5389743,-0.07716063,fungus
60,amantadine,0.30461907,-0.074887544,virus
61,ambrisentan,-0.14714599,-0.10718334,virus
62,amcinonide,-1.6601236,-0.15847561,virus
63,amd3100,-0.77588606,-0.0598581,virus
64,amifostine,-0.957814,-0.009236008,bacteria
65,amikacin,-1.6581678,0.0067173988,bacteria
66,amiloride,-0.49358606,0.15533793,bacteria
67,aminoglutethimide,-1.552336,0.12647268,bacteria
68,aminophylline,-0.3001449,0.057596967,human_cell
69,amiodarone,3.1416428,0.35524362,human_cell
70,amisulpride,-0.6435404,0.01994358,bacteria
71,amitriptyline,0.34150863,-0.015737996,human_cell
72,amlexanox,-2.3653283,0.019992143,fungus
73,amlodipine,0.038866997,-0.15488946,virus
74,ammonia,-2.412734,0.07406569,fungus
75,ammonium,-2.555571,0.049900174,fungus
76,amobarbital,-1.4705272,-0.044751436,virus
77,amorolfine,-2.5202754,-0.019666374,fungus
78,amoxapine,0.21338248,0.03983514,human_cell
79,amoxicillin,-0.4815414,0.042608216,bacteria
80,amphetamine,1.1688459,0.13455987,human_cell
81,amphotericin,2.9581263,-0.28959778,human_cell
82,ampicillin,-1.9335738,0.008008137,bacteria
83,amprenavir,-0.6412103,-0.050161764,bacteria
84,amsacrine,-0.41922116,-0.14586851,virus
85,anagrelide,0.47443128,-0.16831508,virus
86,anastrozole,0.35989404,-0.043909833,human_cell
87,anidulafungin,-0.19452238,-0.14150336,fungus
88,anthracycline,0.6313684,-0.14569867,virus
89,apas,-1.168684,-0.010760009,bacteria
90,apixaban,1.9396489,-0.0017124414,human_cell
91,apomorphine,-1.152436,0.0079677105,bacteria
92,apraclonidine,0.19373727,-0.060901985,virus
93,apremilast,-2.1306236,-0.029849574,fungus
94,aprepitant,1.802798,-0.1875411,human_cell
95,argatroban,-0.710613,0.008000225,bacteria
96,argenine,-1.7283287,0.1320243,bacteria
97,arginine,-0.91175056,0.2325811,bacteria
98,aripiprazole,11.57195,0.44398904,human_cell
99,arsenic,1.0897939,-0.18282375,virus
100,articaine,-0.4762683,0.048160017,human_cell
101,ascorbate,-2.6483617,0.06667876,fungus
102,asenapine,-0.19785905,-0.06559837,virus
103,asp-tyr(so3h)-met-gly-trp-met-asp-phe-nh2,-1.52582,0.02555193,bacteria
104,aspirin,-0.12744331,0.07954876,human_cell
105,atazanavir,2.202006,-0.09560937,human_cell
106,atenolol,0.8209851,0.046103224,human_cell
107,atomoxetine,0.94434524,-0.16851985,virus
108,atorvastatin,0.919328,-0.25311282,virus
109,atosiban,-1.764385,-0.012155443,fungus
110,atovaquone,-1.2842181,-0.117865235,virus
111,atracurium,-1.1825283,0.045070842,bacteria
112,atropine,3.5170748,0.1672022,human_cell
113,auranofin,-1.4372096,-0.059211582,fungus
114,avanafil,0.16200995,-0.020471334,human_cell
115,axitinib,-0.099155664,-0.08707586,virus
116,azarga,-0.2340908,-0.013220683,virus
117,azathioprine,0.2079885,-0.009187624,human_cell
118,azelaic,-1.4974713,-0.036407635,fungus
119,azelastine,0.15333056,-0.09059036,human_cell
120,azilsartan,-1.9719367,-0.04947634,fungus
121,azithromycin,1.2412713,-0.09582627,human_cell
122,aztreonam,-0.7088132,-0.07732579,virus
123,baclofen,1.3149512,-0.22207123,virus
124,balsalazide,-0.68120456,-0.13298142,virus
125,barium,-0.76574993,0.43954256,bacteria
126,bazedoxifene,-1.6995571,-0.062799394,fungus
127,bcnu,1.1319501,-0.0084307045,human_cell
128,beclomethasone,-0.4989357,0.06387895,bacteria
129,belinostat,-1.7834206,-0.023006722,fungus
130,benazepril,-0.3406279,-0.09689346,virus
131,benazeprilat,-1.0100584,-0.08869994,virus
132,bendamustine,-0.3606887,-0.16582558,virus
133,bendrofluazide,-1.023557,0.2775799,bacteria
134,benicar-hct,-1.0422807,-0.08321881,fungus
135,benzathine,0.35479283,0.2820982,bacteria
136,benzocaine,-1.6016073,0.3735747,bacteria
137,benzonatate,-1.8407979,-0.005556956,fungus
138,benzoyl,-2.0217063,0.0113194585,fungus
139,benzphetamine,-1.7295516,0.10100497,bacteria
140,benztropine,-1.5133226,0.07093968,bacteria
141,benzydamine,-2.225946,0.048100546,fungus
142,benzyl,-0.9674556,0.074960835,bacteria
143,benzylpenicilloyl,-1.9677377,0.05711201,bacteria
144,bepotastine,-2.5907142,0.07824818,fungus
145,bepridil,-1.0410578,0.0020003617,bacteria
146,besifloxacin,-2.6064558,0.07792975,fungus
147,betahistine,-1.6252694,-0.016707256,fungus
148,betaine,-0.84852195,0.13944045,human_cell
149,betamethasone,-1.1764102,-0.12579504,fungus
150,betaxolol,1.5781834,-0.19297156,virus
151,bethanechol,-1.4977975,0.07958418,bacteria
152,bexarotene,1.7300351,-0.324208,virus
153,bezafibrate,-1.4499478,-0.09588969,fungus
154,bicalutamide,0.63144946,-0.22236133,virus
155,bicarbonate,-1.6980674,-0.012538403,fungus
156,biguanide,-2.6402628,0.18043289,bacteria
157,bile,-2.1819587,0.0011298656,fungus
158,bimatoprost,1.8194249,0.29389518,human_cell
159,bisacodyl,-1.6215627,0.14400764,bacteria
160,bisoprolol,1.379883,-0.041819096,human_cell
161,bivalirudin,1.1479437,0.27194482,human_cell
162,bleomycin,1.3348296,0.20788762,human_cell
163,boceprevir,2.606653,-0.21840188,virus
164,bortezomib,9.854243,0.5587555,human_cell
165,bosentan,0.8245275,-0.2273955,virus
166,bosutinib,-0.157727,-0.078202575,human_cell
167,bpti,-0.28212166,-0.0826,virus
168,bretylium,-0.9794767,0.09738789,bacteria
169,brimonidine,1.508672,-0.20381063,virus
170,brinzolamide,2.1840465,0.002584681,human_cell
171,brolene,-2.2076702,0.07182279,fungus
172,bromazepam,-0.9699731,-0.04596077,virus
173,bromcresol,0.31659245,0.13370773,human_cell
174,bromfenac,1.339647,0.18978657,human_cell
175,bromhexine,-2.4035368,0.01713778,fungus
176,bromocriptine,2.2219832,0.31853545,human_cell
177,budesonide,1.9000518,-0.15894207,human_cell
178,bumetanide,0.12081933,0.23949821,human_cell
179,bupivacaine,2.791558,0.21651989,human_cell
180,buprenorphine,1.4188626,-0.26107413,virus
181,bupropion,6.4377584,-0.01645194,human_cell
182,buscopan,-1.0880404,0.11266351,bacteria
183,buspirone,2.06653,0.008006886,human_cell
184,busulfan,2.776708,0.090901054,human_cell
185,butabarbital,-1.6146638,-0.021480143,bacteria
186,butenafine,-2.598249,0.017809078,fungus
187,butoconazole,-2.4725027,0.00950256,fungus
188,butorphanol,0.8257034,0.09867945,human_cell
189,cabazitaxel,-0.16105008,-0.17661819,virus
190,cabergoline,0.27647758,-0.13467905,virus
191,cabozantinib,1.6384952,-0.1553868,virus
192,caffeine,-0.022948742,0.29515874,human_cell
193,calcipotriol,-1.3024445,0.0660061,bacteria
194,calcium,-0.6754763,0.13049966,human_cell
195,canagliflozin,1.2344878,0.051985458,human_cell
196,cancidas,3.7269928,-0.056115985,human_cell
197,candesartan,0.8783839,-0.17359838,virus
198,cantril,-1.5751386,0.062308207,bacteria
199,capecitabine,5.9167404,-0.025877893,human_cell
200,capreomycin,-1.5517693,-0.02300319,fungus
201,capsaicin,0.8261068,0.23483121,human_cell
202,captopril,0.7518952,-0.024394393,human_cell
203,carbachol,-0.57761145,0.21300253,bacteria
204,carbamazepine,3.7130601,0.115799956,human_cell
205,carbenicillin,-1.9792155,-0.010514632,fungus
206,carbidopa,0.14444566,0.045489788,human_cell
207,carbimazole,-1.3809834,-0.06364414,bacteria
208,carbinoxamine,-1.3774195,-0.00513798,bacteria
209,carboplatin,0.09872365,0.017004132,human_cell
210,carboprost,-0.5539763,-0.007881269,virus
211,carfilzomib,-1.1346638,0.017437965,fungus
212,carisoprodol,-1.8750503,0.03443508,fungus
213,carnitine,-0.96854234,-0.09709257,virus
214,carteolol,-1.0304551,-0.028604135,virus
215,carvedilol,1.9102871,-0.2048111,human_cell
216,cas,0.8603413,-0.107188344,virus
217,cefaclor,0.16703057,-0.1572398,virus
218,cefadroxil,-1.35286,-0.047953635,bacteria
219,cefazolin,-0.55506825,-0.013973817,bacteria
220,cefdinir,-0.07390094,0.098718785,bacteria
221,cefditoren,-0.10489845,-0.10543153,virus
222,cefepime,0.034063816,-0.033217177,bacteria
223,cefixime,-1.2441678,-0.01884225,bacteria
224,cefotaxime,-1.3140647,-0.048747987,bacteria
225,cefotetan,-1.7646906,-0.01965399,fungus
226,cefoxitin,-1.0486321,-0.0024264306,bacteria
227,cefpodoxime,0.85389876,-0.18036637,virus
228,cefprozil,-1.2482738,0.021119386,bacteria
229,ceftaroline,-1.4895859,-0.06316505,fungus
230,ceftazidime,-0.45161462,-0.015476286,bacteria
231,ceftizoxime,-1.432466,-0.019854546,bacteria
232,ceftobiprole,-0.9671819,0.013650477,bacteria
233,ceftriaxone,-0.25241876,-0.107972175,virus
234,cefuroxime,0.51351714,0.027022421,human_cell
235,celecoxib,3.0097272,-0.20507222,human_cell
236,celiprolol,-0.6874099,0.11527772,bacteria
237,cephalexin,-1.051229,-0.096283704,virus
238,cephem,-1.2117641,-0.049941197,bacteria
239,cerivastatin,-0.3842833,-0.09126839,virus
240,cetirizine,1.3162863,-0.27854407,virus
241,cetrorelix,0.64973617,0.32964325,human_cell
242,cevimeline,4.0781746,-0.22131816,human_cell
243,cgp,0.03852582,-0.13923195,virus
244,chlorambucil,-0.6668787,-0.0031826943,bacteria
245,chloramphenicol,0.63725495,0.37044486,bacteria
246,chlordiazepoxide,-2.0587683,0.07796848,bacteria
247,chlorhexidine,-0.94597983,0.12072277,bacteria
248,chloride,-1.9542053,0.027696908,fungus
249,chloroprocaine,-1.4754972,0.14478853,bacteria
250,chloroquine,0.09294486,0.005485818,human_cell
251,chlorpheniramine,-1.046504,0.00032019615,bacteria
252,chlorpromazine,0.26738667,0.09846631,human_cell
253,chlorpropamide,-1.6240675,-0.0274667,fungus
254,chlorthalidone,-0.945719,0.022989899,bacteria
255,chlorzoxazone,-2.1535301,0.051256448,bacteria
256,choline,-1.1643045,0.09929515,bacteria
257,chromium,-2.5003743,0.023559645,fungus
258,ciclesonide,-0.0037984848,-0.2027975,virus
259,ciclopirox,-1.217552,-0.049761355,fungus
260,cidofovir,1.7728927,-0.35236916,virus
261,cilazapril,0.12626863,-0.13102287,virus
262,cilostazol,0.5753267,-0.18880096,virus
263,cimetidine,-0.009005308,0.114794455,bacteria
264,cinacalcet,-0.9253521,0.1217931,human_cell
265,cinoxacin,-1.9466492,0.0033879578,fungus
266,ciprofloxacin,6.1283712,0.08843595,human_cell
267,cisatracurium,-1.3908744,0.07110931,bacteria
268,cisplatin,1.5592563,-0.06020221,human_cell
269,citalopram,10.920078,0.2772953,human_cell
270,citric,-0.87923646,0.066165775,bacteria
271,cladribine,1.0500858,-0.12702307,human_cell
272,clarithromycin,1.5875366,-0.0365669,human_cell
273,clemastine,-1.3815405,-0.005887747,bacteria
274,clevidipine,-2.2535844,0.07469929,fungus
275,clindamycin,2.6505535,0.14957042,human_cell
276,clobazam,-0.32256317,-0.08175194,virus
277,clobetasol,1.5593698,-0.05700241,human_cell
278,clobetasone,-1.3902376,-0.12907013,virus
279,clocortolone,-2.327654,-0.076696455,fungus
280,clodronate,-0.4521277,-0.19944772,virus
281,clofarabine,1.7672908,0.050900698,human_cell
282,clofazimine,-0.890239,-0.16521284,virus
283,clomiphene,9.196948,1.335559,human_cell
284,clomipramine,3.789643,-0.075721145,human_cell
285,clonazepam,3.2099106,0.036266446,human_cell
286,clonidine,2.5122774,-0.11154172,human_cell
287,clopidogrel,2.4572666,-0.14856711,human_cell
288,clorazepate,-1.9264545,0.05614859,bacteria
289,clotrimazole,-1.7882509,-0.036487415,fungus
290,clozapine,2.3439062,-0.04514548,human_cell
291,cobicistat,-1.6123931,-0.0734373,fungus
292,cocaine,-2.336712,0.09779038,fungus
293,codeine,-0.25959277,0.048291624,human_cell
294,colchicine,-0.021665096,-0.03999047,virus
295,colesevelam,-1.2233193,0.010525465,bacteria
296,colestimide,-0.9928298,-0.065029174,virus
297,colestipol,-1.219399,0.037211955,bacteria
298,colestyramine,0.38981938,0.065127805,human_cell
299,colimycin,-0.17160225,0.08963291,bacteria
300,conivaptan,-0.393579,-0.019383565,human_cell
301,conjugated,0.9229996,-0.049483582,human_cell
302,copolymer,3.2276728,-0.22934702,human_cell
303,copper,-1.0043073,-0.027282491,virus
304,cortisol,1.8861129,-0.036216393,human_cell
305,cortisone,-0.7991059,0.10127383,bacteria
306,cosyntropin,-0.28210068,0.006634861,human_cell
307,crizotinib,-0.16128826,-0.052300185,virus
308,crotamiton,-2.7132044,0.064196266,fungus
309,cyanocobalamin,-1.7079399,-0.022096366,fungus
310,cyclizine,-1.2391815,-0.0028755665,bacteria
311,cyclobenzaprine,0.28164887,-0.04483463,virus
312,cyclopentolate,-0.05982113,0.12484282,human_cell
313,cyclophosphamide,5.3169947,0.20720622,human_cell
314,cyproheptadine,-1.1266325,-0.030547827,bacteria
315,cyproterone,1.7763307,0.14651899,human_cell
316,cysteamine,0.76444936,0.4283046,human_cell
317,cytarabine,3.1399,0.054403707,human_cell
318,cytokinin,-2.1754766,-0.013231769,fungus
319,d-cycloserine,-1.9529359,0.025475115,bacteria
320,d-penicillamine,1.7200863,-0.048510343,human_cell
321,d-telaprevir,-0.19623947,0.14062133,human_cell
322,dabigatran,1.5140555,0.15194643,human_cell
323,dabrafenib,1.0330884,-0.062477604,human_cell
324,dacarbazine,-0.5634303,0.22427358,bacteria
325,dalbavancin,-0.907557,0.008451223,bacteria
326,dalteparin,3.1274664,0.07519946,human_cell
327,danazol,0.57228065,0.16353501,human_cell
328,dantrolene,-0.49843168,-0.04601361,virus
329,dapagliflozin,0.5136483,0.21556926,human_cell
330,dapsone,-0.47508073,0.08457182,bacteria
331,darifenacin,-0.5096009,0.0035511404,bacteria
332,darunavir,2.6202848,-0.10962573,human_cell
333,dasatinib,3.5499256,-0.040443167,human_cell
334,deferasirox,-0.06355262,-0.13653466,virus
335,deferiprone,0.33430696,-0.057480708,virus
336,deferoxamine,1.0744817,0.08638261,human_cell
337,degarelix,-0.008096218,-0.041398287,human_cell
338,delamanid,0.86135983,0.15187666,human_cell
339,delavirdine,1.9938166,-0.29372695,virus
340,delta,-1.304611,-0.032160714,bacteria
341,demeclocycline,-1.2196829,-0.04791701,bacteria
342,demethyl,1.8727653,-0.009411484,human_cell
343,deprenyl,3.4705622,-0.22886443,human_cell
344,depreotide,-2.66897,0.07364848,fungus
345,desflurane,1.007818,-0.13259158,virus
346,desipramine,0.12496638,0.034098,human_cell
347,desloratadine,-1.0366352,-0.086167246,virus
348,desmopressin,0.5981195,0.09079035,human_cell
349,desogestrel,-1.5047605,0.05099842,bacteria
350,desonide,-1.1808581,-0.21501127,virus
351,desoximetasone,-0.75999403,-0.16318172,virus
352,desvenlafaxine,-0.3887365,-0.09727642,virus
353,dexamethasone,3.816344,-0.097093165,human_cell
354,dexmedetomidine,0.343992,-0.123193264,virus
355,dexpanthenol,-2.3582423,0.05177568,fungus
356,dexrazoxane,-0.24633574,-0.16142753,virus
357,dextran,-2.1707377,0.069309704,bacteria
358,dextromethorphan,-1.6836436,0.05235301,bacteria
359,dextrorphan,-1.0535104,0.015157551,bacteria
360,dfmo,0.22288966,0.23001613,human_cell
361,diane-35,-1.6667347,0.03445524,bacteria
362,diatrizoate,0.9255407,0.0018312633,human_cell
363,diazepam,2.1447947,-0.07688114,human_cell
364,diazoxide,0.17719817,0.30024672,human_cell
365,dichlorphenamide,-1.2462668,0.09004595,bacteria
366,diclofenac,3.7004335,-0.24967346,virus
367,dicloxacillin,-0.9090128,-0.047104493,bacteria
368,dicyclomine,0.63939595,0.16505256,human_cell
369,didanosine,-0.41040516,-0.09917757,virus
370,diethylenetriaminepentaacetic,-2.3709235,0.09052953,fungus
371,diethylpropion,-0.4906211,0.21821201,human_cell
372,diflorasone,-1.9050751,-0.09097901,fungus
373,diflunisal,-0.5551212,-0.066491246,virus
374,digoxin,0.23168826,0.28440577,human_cell
375,dihydrocodeine,-1.6028976,-0.06511888,fungus
376,dihydroergotamine,-0.11906862,-0.105425745,virus
377,diltiazem,1.7953627,-0.12098688,human_cell
378,dimenhydrinate,-2.2104316,0.054722637,fungus
379,dimercaprol,-1.7851405,0.08507241,bacteria
380,dimercaptosuccinic,-1.1628249,0.011406511,bacteria
381,diphenhydramine,-1.4220388,-0.0081110895,bacteria
382,dipivefrin,-2.2239995,0.17343733,bacteria
383,dipyridamole,0.48612237,-0.043725923,human_cell
384,disopyramide,0.2496388,-0.038546965,human_cell
385,disulfiram,-1.2638929,0.024036005,bacteria
386,dmso,-1.9421235,0.8529484,bacteria
387,dobutamine,-2.238801,0.049252614,fungus
388,docetaxel,2.719117,0.005025089,human_cell
389,dofetilide,-0.98315644,-0.03673187,fungus
390,dolasetron,0.4899423,-0.03992407,human_cell
391,dolutegravir,-1.5493937,-0.10044357,fungus
392,domperidone,-1.1831713,0.060549423,bacteria
393,donepezil,3.049176,-0.20355922,human_cell
394,dopamine,-1.5089247,0.046905756,bacteria
395,doripenem,-1.2175214,-0.11810118,virus
396,dorzolamide,1.2900436,-0.03271839,human_cell
397,dothiepin,-0.4550426,0.0008152425,bacteria
398,doxapram,-1.2212112,0.024481043,bacteria
399,doxazosin,1.4384425,-0.25801426,virus
400,doxepin,3.4988697,0.29247332,human_cell
401,doxercalciferol,-1.1823792,-0.06798604,virus
402,doxorubicin,5.3170557,-0.12491518,human_cell
403,doxycycline,2.2645218,-0.21663505,virus
404,dronedarone,-1.5845435,-0.08026874,fungus
405,droperidol,-1.3320601,0.1011816,bacteria
406,drospirenone,-1.8680043,0.0557411,fungus
407,duloxetine,3.0676076,-0.17715877,human_cell
408,dutasteride,0.3651793,0.17765856,human_cell
409,dyphylline,-1.8291316,0.052549988,bacteria
410,eaca,-1.415621,-0.021921024,bacteria
411,ecallantide,-2.3264022,0.022394791,fungus
412,echothiophate,-2.0994124,0.047771603,fungus
413,econazole,-2.6081963,0.017008275,fungus
414,edrophonium,-1.1452312,0.14783734,bacteria
415,edta,-0.036774874,0.184489,bacteria
416,efavirenz,1.9253995,-0.027174234,human_cell
417,eicosapentaenoic,-2.5999784,0.11883806,fungus
418,eletriptan,1.308511,-0.21480298,virus
419,eliglustat,-2.191729,0.010100514,fungus
420,eltrombopag,-1.6550841,-0.06434223,fungus
421,elvitegravir,-2.0829196,-0.03848271,fungus
422,emedastine,-1.3397806,-0.06696251,virus
423,empagliflozin,-0.38153672,0.14832872,human_cell
424,emtricitabine,0.34305263,-0.084279984,human_cell
425,enflurane,-1.6937807,0.13916655,bacteria
426,enfuvirtide,0.39470553,-0.14850661,human_cell
427,entacapone,0.8892977,-0.1591306,virus
428,entecavir,-0.48323822,0.15046307,bacteria
429,ephedrine,-0.8752816,0.029505894,bacteria
430,epinastine,-1.9310473,0.024603114,bacteria
431,epinephrine,0.6608331,-0.037116095,human_cell
432,epitopic,0.30231977,0.09791794,human_cell
433,eplerenone,-0.15371299,-0.036515415,human_cell
434,eprosartan,-0.09851098,-0.20249411,virus
435,eptifibatide,-0.6682663,0.014289454,bacteria
436,ergonovine,-1.1215749,0.21796809,bacteria
437,ergotamine,-1.6309707,0.06452318,bacteria
438,eribulin,-0.20102,-0.21081835,virus
439,erlotinib,0.44388604,-0.15726134,virus
440,ertapenem,4.673727,0.10731629,human_cell
441,erythromycin,0.16533875,0.35150218,bacteria
442,eslicarbazepine,1.8622515,0.05648209,human_cell
443,esmolol,-0.0055577755,-0.07413712,virus
444,esomeprazole,1.0527318,-0.12520137,human_cell
445,estazolam,0.4133036,0.04246886,human_cell
446,estradiol,5.482358,0.11326444,human_cell
447,estramustine,-0.8647871,-0.037989408,bacteria
448,estriol,-0.6080301,0.5652874,bacteria
449,estrofem,-1.0055392,0.017401055,bacteria
450,estrone,-0.5922575,0.013174206,bacteria
451,ethacrynic,-1.6900835,0.0005534589,fungus
452,ethambutol,-0.93218446,-0.054533616,virus
453,ethionamide,-1.7013524,-0.0051195025,bacteria
454,ethosuximide,-0.8430233,-0.10444835,virus
455,ethotoin,-1.8253782,0.05194357,bacteria
456,etidronate,0.33855748,0.1696362,bacteria
457,etodolac,0.42806268,-0.14967874,virus
458,etomidate,-1.3046384,0.22503366,bacteria
459,etoposide,0.5630367,-0.11737904,virus
460,etoricoxib,2.4610274,-0.21531966,human_cell
461,etravirine,-0.027676582,-0.14910668,virus
462,everolimus,7.2474318,0.1531358,human_cell
463,exemestane,-0.03099823,-0.08738378,human_cell
464,exenatide,-0.27974486,-0.08885515,virus
465,ezetimibe,0.47429824,-0.20780915,virus
466,famciclovir,-0.9512603,-0.1494048,virus
467,famotidine,0.056916952,-0.047286108,human_cell
468,famp,0.35271144,-0.1530467,virus
469,fdurd,-0.7622261,-0.0074632913,bacteria
470,fe(iii,1.079046,-0.025861949,human_cell
471,febuxostat,1.9880688,-0.14585954,human_cell
472,felbamate,2.4771612,0.1921249,human_cell
473,felodipine,-0.14977431,0.06622112,human_cell
474,fenofibrate,1.1673896,-0.14533454,human_cell
475,fenofibric,-1.58743,-0.10166401,fungus
476,fenoldopam,-0.944123,-0.22432655,virus
477,fenoprofen,-0.5402467,-0.062263846,virus
478,fentanyl,5.486743,0.016747266,human_cell
479,ferumoxytol,0.2091639,-0.0814935,virus
480,fesoterodine,-0.55718803,-0.055359498,virus
481,fexofenadine,-0.9988477,-0.062395528,virus
482,fidaxomicin,-1.8461063,-0.04843992,fungus
483,finasteride,-1.0457752,0.12057969,bacteria
484,fk463,0.43257356,-0.2978681,virus
485,flavoxate,-1.8417094,-0.030981138,fungus
486,flecainide,0.2620585,-0.09595737,virus
487,florbetaben,-2.508536,0.04288669,fungus
488,florbetapir,-1.5201194,0.035876274,bacteria
489,flucloxacillin,-1.0764201,-0.025915101,bacteria
490,fluconazole,0.5408504,-0.23559657,virus
491,fludarabine,0.6840761,-0.17865917,human_cell
492,fludrocortisone,0.057860136,0.16833973,bacteria
493,flumazenil,0.030021906,0.026769951,human_cell
494,flumethasone,-2.2586727,-0.1101118,fungus
495,flunisolide,0.48951936,-0.17494854,virus
496,flunitrazepam,-1.4371216,0.025957152,bacteria
497,fluocinolone,2.5483596,0.16775289,human_cell
498,fluocinonide,-1.2077203,-0.14920625,virus
499,fluorescein,0.14032388,0.057225317,human_cell
500,fluoride,-2.086588,0.24189627,bacteria
501,fluorometholone,-0.48125362,0.33174068,human_cell
502,fluoxetine,5.211545,-0.12657428,human_cell
503,fluoxymesterone,-1.4853652,0.107339025,bacteria
504,fluphenazine,1.444247,-0.08117437,human_cell
505,flurandrenolone,-2.2776086,-0.08245003,fungus
506,flurazepam,-0.66464067,-0.0115876645,virus
507,flurbiprofen,1.7276022,-0.17613003,virus
508,flutamide,-0.22558331,0.12433979,human_cell
509,fluticasone,3.7702048,0.04891923,human_cell
510,fluticasone/salmeterol,-1.1680055,-0.078968376,virus
511,fluvastatin,0.16177917,-0.14847916,virus
512,fluvoxamine,4.0015793,-0.1485149,human_cell
513,folate,-1.7863464,0.16119167,bacteria
514,fondaparinux,0.31286597,0.0059290975,virus
515,formoterol,0.869859,-0.17523474,virus
516,forteo,0.28019404,-0.0885967,virus
517,fosamprenavir,-1.1336589,-0.12107402,fungus
518,fosaprepitant,0.8151777,-0.14257279,virus
519,foscarnet,0.3967402,-0.1533514,virus
520,fosfomycin,-1.2877629,-0.06415489,bacteria
521,fosinopril,2.449321,-0.055705667,human_cell
522,fosinoprilat,0.0103087425,-0.09924105,virus
523,fosphenytoin,0.9880159,-0.16962236,virus
524,fospropofol,-1.7357824,-0.022665977,bacteria
525,fotemustine,-1.8851521,-0.01654163,fungus
526,fp-cit,-2.1524835,0.0058791786,fungus
527,frovatriptan,0.45603538,-0.09189117,human_cell
528,fty720,2.1550786,0.075290695,human_cell
529,furosemide,1.8495038,0.035829112,human_cell
530,fusidic,-0.15447664,0.033984736,bacteria
531,gabapentin,5.199732,-0.07675904,human_cell
532,gadobenate,2.383423,-0.14796993,human_cell
533,gadobutrol,-1.7048948,-0.03347689,fungus
534,gadodiamide,-0.6021774,-0.075962484,virus
535,gadofosveset,1.1786153,0.22431177,human_cell
536,gadolinium,0.8619039,-0.08660999,human_cell
537,gadopentetate,0.067540884,-0.049578384,human_cell
538,gadoteridol,-0.74000025,-0.1122047,virus
539,gadoversetamide,1.1044514,0.039742693,human_cell
540,galantamine,0.6312988,-0.24503252,virus
541,gamma-aminobutyric,-2.6088328,0.18174264,bacteria
542,ganciclovir,2.2899125,-0.16528156,human_cell
543,gatifloxacin,1.6188734,0.20262024,human_cell
544,gd-dtpa,1.4652717,-0.03647773,human_cell
545,gd-eob-dtpa,-0.9427514,-0.06313485,virus
546,ge-132,1.7982762,0.14551046,human_cell
547,gefitinib,0.32842135,-0.07265639,human_cell
548,gemcitabine,2.4368336,-0.024229988,human_cell
549,gemeprost,-1.8468626,0.022440538,fungus
550,gemfibrozil,0.099428415,-0.03922893,human_cell
551,gemifloxacin,0.5392792,-0.076013505,human_cell
552,gentamicin,-0.40837216,-0.009950057,bacteria
553,glat,2.4767616,-0.1658991,human_cell
554,glibenclamide,-0.45454693,-0.13359806,virus
555,gliclazide,2.0784848,-0.18191126,human_cell
556,glimepiride,-0.13952708,-0.048690617,human_cell
557,glipizide,-0.568383,-0.098216295,virus
558,glucagon,-2.4091642,0.06476568,fungus
559,glucose,-1.0748382,-0.0005262941,bacteria
560,glutamine,-0.8394296,-0.05569081,virus
561,glycerol,-1.3137224,-0.028631926,virus
562,glycine,-0.596014,0.024628088,bacteria
563,glycopyrrolate,0.80194354,0.0075960457,human_cell
564,gold,-0.10916948,0.027703136,human_cell
565,gonadorelin,-0.37512684,0.22894743,human_cell
566,goserelin,1.9114249,-0.06479153,human_cell
567,granisetron,-0.12700272,-0.15932989,virus
568,graphene,-2.3543572,0.16338885,bacteria
569,griseofulvin,-1.8898969,0.0024861842,fungus
570,guaifenesin,-2.5956764,0.061017394,fungus
571,guanfacine,-0.49300408,-0.0787479,virus
572,guanidinium,-1.0157204,0.068857335,bacteria
573,halcinonide,-1.7853866,-0.1395514,fungus
574,halobetasol,-1.966138,-0.12888327,fungus
575,halofantrine,-1.2780743,-0.08367452,fungus
576,haloperidol,0.4646232,-0.10787439,virus
577,hemin,-1.9037693,0.09953631,fungus
578,heparin,-0.91699123,-0.014014557,bacteria
579,hepatitis,0.91074586,-0.08548465,human_cell
580,hetastarch,-1.378623,-0.029399216,bacteria
581,hexachlorophene,-2.83994,0.046184614,fungus
582,hexamethylmelamine,-2.1248584,0.04128577,fungus
583,hexaminolevulinate,-2.5372663,0.034455463,fungus
584,histamine,-0.018457413,-0.01731643,human_cell
585,histrelin,2.8330462,0.08525904,human_cell
586,hmdp,-2.8096545,0.1454189,fungus
587,hoe,-2.590815,0.063567355,fungus
588,homatropine,0.66566586,0.31470102,human_cell
589,humalog,-1.2352922,-0.04759136,fungus
590,hydralazine,-0.6583946,-0.05252318,virus
591,hydrochlorothiazide,0.30821395,-0.08708492,human_cell
592,hydrocodone,-0.73762584,-0.07243076,virus
593,hydrocortisone,-1.6178036,-0.073384374,fungus
594,hydroflumethiazide,-1.6842785,-0.008860961,fungus
595,hydromorphone,3.1651118,-0.030553326,human_cell
596,hydroxocobalamin,-0.64887714,0.0022725463,bacteria
597,hydroxybutyrate,0.6760814,-0.2704023,virus
598,hydroxychloroquine,1.4980304,0.19313665,human_cell
599,hydroxyl,-2.277174,0.04226692,fungus
600,hydroxypropyl,-2.5581346,0.098922715,fungus
601,hydroxyurea,1.3847187,0.046825185,human_cell
602,hydroxyzine,-2.1969273,0.02958256,fungus
603,ibandronate,1.1482837,-0.20140836,virus
604,ibuprofen,3.126249,-0.090387285,human_cell
605,ibutilide,-0.97468925,0.13158071,bacteria
606,ici,-0.85265803,-0.11894187,virus
607,icodextrin,2.2991402,0.17831741,human_cell
608,idarubicin,0.10206914,0.06271142,bacteria
609,idurd,-2.3697715,0.21486954,bacteria
610,ifosfamide,4.702389,0.28567344,human_cell
611,iloperidone,0.75964856,-0.06330994,human_cell
612,iloprost,-0.82875204,-0.04311852,virus
613,imatinib,3.2238877,-0.18280852,human_cell
614,imipramine,0.7803781,-0.081813306,virus
615,imiquimod,4.392209,-0.09113881,human_cell
616,implanon,0.8405807,-0.109482884,virus
617,indacaterol,-1.3224218,-0.07948318,virus
618,indapamide,1.2059743,-0.20205918,virus
619,indinavir,1.7331016,-0.06686941,human_cell
620,indomethacin,1.893934,0.12274396,human_cell
621,insulin,3.6268928,-0.20364323,human_cell
622,iodide,0.33139253,-0.0118604,virus
623,iodipamide,-2.0282898,0.06322599,fungus
624,iodixanol,0.36694217,-0.105249226,virus
625,iohexol,0.07157445,-0.07782629,virus
626,iopamidol,2.1639783,0.17762524,human_cell
627,iopromide,2.1066973,0.013866231,human_cell
628,iotrolan,-0.28067112,0.050130337,human_cell
629,ioversol,2.0319884,0.11939714,human_cell
630,ioxaglate,0.40228724,-0.015843138,human_cell
631,ioxilan,-1.3006306,-0.04066235,bacteria
632,ipratropium,1.3981392,0.030789644,human_cell
633,irbesartan,1.7564929,-0.16179866,human_cell
634,irbesartan-hydrochlorothiazide,0.7974298,-0.14644402,virus
635,irinotecan,1.2491629,0.0042010844,human_cell
636,iron,0.28458953,0.028417632,human_cell
637,isocarboxazid,-1.3340847,-0.00879544,bacteria
638,isoflurane,-0.58054805,-0.07688394,virus
639,isomannide,0.77826476,-0.090595216,human_cell
640,isoniazid,-0.8186681,0.2696126,bacteria
641,isopropyl,-1.3394375,-0.071133584,fungus
642,isoproterenol,-1.3005702,0.3155597,bacteria
643,isosorbide,-1.715199,0.16893989,bacteria
644,isosorbide-5-mononitrate,1.6201694,-0.14467195,virus
645,isosulfan,-2.6033306,0.07299256,fungus
646,isoxsuprine,-2.0381894,0.17485939,bacteria
647,isradipine,-0.5879967,-0.085297376,virus
648,itraconazole,1.0507138,-0.2967704,virus
649,ivabradine,-1.5347979,-0.05044961,fungus
650,ivacaftor,-0.77703595,0.009208471,human_cell
651,ivermectin,0.7201698,0.36071348,bacteria
652,ixabepilone,1.5162718,-0.04551287,human_cell
653,k779,4.809597,-0.35828975,virus
654,kaluril,-1.2080753,0.009645268,bacteria
655,kanamycin,-1.4300814,0.15153643,bacteria
656,ketamine,-1.7540951,0.0074391067,fungus
657,ketoconazole,-0.21929455,-0.23108116,virus
658,ketoprofen,0.3534391,-0.06034656,human_cell
659,ketorolac,2.4955122,-0.13843617,human_cell
660,ketotifen,-1.3801286,-0.026806787,bacteria
661,l-dmp,3.7336242,-0.13589302,human_cell
662,l-threo-dops,-2.2557547,0.051159397,fungus
663,labetalol,0.8221934,0.18784739,human_cell
664,lacosamide,-0.41168642,-0.11168814,virus
665,lactate,-1.94908,-0.033472404,fungus
666,lactulose,-1.2792294,0.027146295,other
667,lamivudine,1.5498502,-0.08573362,human_cell
668,lamotrigine,2.532501,-0.28247464,virus
669,lanreotide,0.44542956,-0.07159224,human_cell
670,lansoprazole,4.222184,-0.22396502,human_cell
671,lanthanum,-1.899127,0.22978874,bacteria
672,lantus,0.49990535,-0.007229194,human_cell
673,lapatinib,-1.0567837,-0.08040953,virus
674,lasofoxifene,10.926617,0.7995316,human_cell
675,latanoprost,-0.5156748,0.008864924,human_cell
676,leflunomide,1.7103727,-0.22854933,virus
677,lenalidomide,6.9879894,0.0029113293,human_cell
678,lercanidipine,0.25639367,-0.18634129,virus
679,letrozole,0.53342795,-0.09566265,human_cell
680,leucovorin,-1.415504,-0.008743688,bacteria
681,leuprorelin,5.165842,0.061902106,human_cell
682,levetiracetam,1.1171811,-0.13851053,virus
683,levobunolol,-1.1149735,0.0057519674,bacteria
684,levocabastine,-2.0580955,-0.01571633,fungus
685,levodopa/carbidopa,-0.08227897,0.0044071823,human_cell
686,levomepromazine,-1.8287613,0.10938979,fungus
687,levonorgestrel,2.976989,0.13394606,human_cell
688,levosimendan,-2.1192327,0.029991284,fungus
689,lidocaine,1.4491656,0.15937066,human_cell
690,linaclotide,-1.7275217,-0.031486914,fungus
691,linagliptin,-1.8308008,-0.027019143,fungus
692,lincomycin,-1.092459,0.051037207,bacteria
693,lindane,-2.4019818,0.03337486,fungus
694,linezolid,0.12064004,-0.036246687,human_cell
695,lioh,1.1053126,0.048490822,human_cell
696,liraglutide,-1.1491802,-0.1048927,virus
697,lisdexamfetamine,-0.33505106,0.040901855,bacteria
698,lisinopril,2.4067743,-0.0062746108,human_cell
699,lisuride,-0.33115673,0.04146886,human_cell
700,lithium,3.4904654,0.3113835,human_cell
701,lmwh,-0.6206391,0.033624083,human_cell
702,locorten,-2.826313,0.07512777,fungus
703,lodoxamide,-1.1991761,-0.107058376,virus
704,lomefloxacin,0.714236,-0.13606843,virus
705,lomitapide,2.048034,0.12685129,human_cell
706,lomustine,-0.9309871,0.07017479,bacteria
707,loperamide,-0.7325139,-0.019052804,virus
708,loratadine,-1.0036016,-0.073892355,virus
709,lorazepam,0.58495784,-0.0713861,virus
710,lorcaserin,-0.09480882,0.09414373,human_cell
711,lormetazepam,-0.72771335,-0.058412135,virus
712,losartan,1.4769294,-0.08510819,virus
713,loteprednol,-1.2161019,-0.004647538,virus
714,lovastatin,-0.23282838,-0.046623528,human_cell
715,lovaza,-0.46214318,-0.08372164,virus
716,loxapine,0.10093713,0.021184742,human_cell
717,lu,-1.6168623,-0.018490806,fungus
718,lubiprostone,-0.30623603,0.036435723,human_cell
719,luliconazole,-1.6874287,-0.559116,fungus
720,lurasidone,0.72253394,0.07517924,human_cell
721,lutalyse,-0.69999456,-0.04141347,virus
722,ly146032,1.6186392,-0.076159656,human_cell
723,lymecycline,-1.3245823,-0.1295532,fungus
724,lyxumia,-1.5085268,0.031496763,bacteria
725,macitentan,-2.0560503,0.0024299622,fungus
726,madopar,-0.45859122,0.2794305,human_cell
727,mafenide,-1.1023164,-0.038658097,virus
728,magnesium,-2.0672233,0.07644337,fungus
729,malathion,1.1958158,1.1608961,human_cell
730,malvidin,-0.1617856,-0.14876083,virus
731,mannitol,1.2153633,0.19210455,human_cell
732,maprotiline,0.72450805,-0.09277594,virus
733,maraviroc,7.047449,0.47699663,human_cell
734,mdv3100,-1.0592892,-0.07100278,fungus
735,mebendazole,-2.4739428,0.021612614,fungus
736,mebeverine,-2.3735032,0.027555943,fungus
737,mebrofenin,-2.7880142,0.083090425,fungus
738,mecamylamine,-1.9393519,0.037206233,bacteria
739,meclofenamate,-1.3060389,0.005163908,bacteria
740,medroxyprogesterone,7.0251865,0.32474947,human_cell
741,medrysone,-1.4488709,0.023133606,bacteria
742,mefenamic,0.26294112,-0.13316819,virus
743,mefloquine,1.4183881,0.04022661,human_cell
744,megestrol,-0.5873997,-0.15084705,virus
745,melatonin,0.35591006,-0.13562238,human_cell
746,meloxicam,1.5781853,-0.15196848,human_cell
747,melphalan,0.6405227,-0.10929006,human_cell
748,memantine,3.6698391,-0.2457096,human_cell
749,meperidine,0.03954816,0.11508501,human_cell
750,mephenytoin,-0.86850953,-0.060932755,virus
751,mepivacaine,-0.7763889,0.12201479,bacteria
752,meprobamate,-1.2322876,-0.045973107,bacteria
753,meropenem,0.09533906,-0.13518229,virus
754,mersyndol,-0.1815021,0.08033207,human_cell
755,mesna,-0.80842304,-0.057142645,virus
756,metaiodobenzylguanidine,-2.4651575,0.063806705,fungus
757,metaproterenol,-1.241215,0.030898482,bacteria
758,metaxalone,-2.2414474,0.04609701,fungus
759,metformin,0.7965958,0.0266805,human_cell
760,methacholine,-1.1707325,0.15718366,bacteria
761,methadone,0.056298494,-0.0034182966,human_cell
762,methamphetamine,-1.959514,0.17711087,bacteria
763,methazolamide,-1.3496807,0.0149847865,bacteria
764,methenamine,-2.238823,0.03520024,fungus
765,methimazole,-1.6771343,0.05048284,bacteria
766,methocarbamol,-1.3845093,0.16892257,bacteria
767,methohexital,-1.6206124,-0.0013020486,bacteria
768,methotrexate,4.064083,-0.21631193,human_cell
769,methsuximide,-1.5441258,-0.0046851933,bacteria
770,methyclothiazide,-1.4626615,-0.035285354,fungus
771,methyl,-0.45548916,0.09889542,human_cell
772,methyldopa,-0.1720233,0.041608036,human_cell
773,methylene,-0.8060639,0.02134046,bacteria
774,methylergometrine,-1.3387525,-0.004661992,bacteria
775,methylnaltrexone,-2.2139509,0.0005969405,fungus
776,methylphenidate,3.45981,-0.0068977773,human_cell
777,methylprednisolone,2.2195723,-0.039632887,human_cell
778,methyltestosterone,-1.6804314,0.0901851,bacteria
779,methysergide,0.40282845,-0.049576536,virus
780,metipranolol,-1.6648431,0.03415145,bacteria
781,metoclopramide,0.8468659,0.11073743,human_cell
782,metolazone,-0.37112904,-0.05012685,bacteria
783,metoprolol,0.7548058,-0.05173254,human_cell
784,metrodin,4.6890326,0.30355078,human_cell
785,metronidazole,1.9640234,-0.09003344,human_cell
786,metyrapone,-1.9132612,0.03833297,bacteria
787,mexiletine,-0.29977965,-0.043543845,virus
788,mianserin,-1.1133871,-0.067427665,virus
789,miconazole,-1.0890641,-0.13399974,fungus
790,midazolam,2.0090287,0.08873072,human_cell
791,midodrine,-0.27142525,-0.0385489,virus
792,mifepristone,0.3231156,-0.02040784,human_cell
793,miglitol,-0.5073309,0.31362048,bacteria
794,miglustat,0.7723129,0.25506207,human_cell
795,milnacipran,0.12815452,-0.14224288,virus
796,milrinone,-1.9091585,0.13376388,bacteria
797,minocycline,0.8886988,-0.2152937,virus
798,minoxidil,-1.5815768,-0.058398187,fungus
799,mipomersen,-1.0875509,0.1250541,human_cell
800,mirabegron,-0.8879299,-0.1342769,virus
801,mirtazapine,2.6783288,-0.18630987,human_cell
802,misoprostol,1.4376347,0.11604959,human_cell
803,mitomycin,-0.15897393,0.23028883,bacteria
804,mitotane,1.173384,0.063873984,human_cell
805,mitoxantrone,1.6304853,0.07538492,human_cell
806,mivacurium,-1.8096459,0.042224437,bacteria
807,mk-462,-1.2424612,-0.028312415,bacteria
808,mndpdp,-1.9663236,0.012391597,fungus
809,moclobemide,-0.006071806,0.0875079,human_cell
810,modafinil,0.9463098,-0.2615202,virus
811,moexiprilat,-1.0238495,-0.063625336,virus
812,molindone,-1.2374265,0.040562913,bacteria
813,mometasone,0.6876862,-0.17163733,virus
814,monamine,-2.6321218,0.07275627,fungus
815,monobenzone,-2.9586093,0.21490654,fungus
816,monoethanolamine,-1.6146996,-0.020693973,fungus
817,monomethylfumarate,-2.2015057,-0.026967317,fungus
818,monomycin,-2.0811596,0.08416227,bacteria
819,montelukast,0.5315373,-0.04399307,human_cell
820,morphine,3.5047948,-0.020328939,human_cell
821,moxifloxacin,3.993622,-0.22118464,human_cell
822,moxonidine,-2.095083,-0.0018477738,fungus
823,mthpc,-0.41112423,0.008718833,bacteria
824,mupirocin,-1.5381949,-0.07048246,fungus
825,mycophenolate,4.7154703,0.035340622,human_cell
826,mycophenolic,4.215849,-0.09631926,human_cell
827,n-3,-2.5223184,0.043817595,fungus
828,n-acetylcysteine,-1.0545657,-0.033136442,bacteria
829,n-carbamylglutamate,-1.4050198,-0.040933624,virus
830,n-methylscopolamine,-1.602581,0.06433208,bacteria
831,nabilone,0.6267841,-0.015637234,human_cell
832,nabumetone,-0.25494313,-0.097203285,virus
833,nadolol,-0.18093014,0.018739432,human_cell
834,nafarelin,0.43632913,0.023985371,human_cell
835,nafcillin,-1.1953456,-0.032829106,bacteria
836,naftifine,-2.0893161,-0.0010506511,fungus
837,nalbuphine,-0.9076979,-0.02294138,virus
838,nalidixic,-1.2219355,0.09207023,bacteria
839,nalmefene,-0.45030832,0.057121217,bacteria
840,naloxone,-1.045331,0.09679026,bacteria
841,naltrexone,3.4559467,-0.10119575,human_cell
842,nandrolone,-0.017196894,0.1284766,bacteria
843,naphazoline,-1.5693562,0.03989789,fungus
844,naproxen,2.61849,-0.24124017,virus
845,naratriptan,1.9346058,-0.1545533,virus
846,natamycin,-2.1505542,0.06855151,fungus
847,nateglinide,-1.6592236,-0.03548847,fungus
848,nebivolol,-1.5782635,0.023443013,bacteria
849,nedocromil,-1.0054097,0.005184114,bacteria
850,nefazodone,1.3273451,-0.24855894,virus
851,nefopam,-2.1536083,0.064744264,fungus
852,nelarabine,0.39876342,-0.09923047,human_cell
853,nelfinavir,-0.39464545,-0.18209836,virus
854,neomycin,-1.8384604,0.033744678,fungus
855,neostigmine,-0.15311408,0.036270544,human_cell
856,nepafenac,1.1241944,-0.0963569,virus
857,nesiritide,-1.7054462,0.006403476,bacteria
858,nevirapine,0.1289947,0.0075606257,human_cell
859,niacin,0.7743113,-0.14630258,virus
860,nicardipine,-0.33185768,-0.040928915,virus
861,nicorandil,0.19230962,0.01363565,human_cell
862,nicotine,1.3788621,-0.023689017,human_cell
863,nifedipine,2.1014793,-0.1314607,human_cell
864,nilotinib,4.1985035,-0.09884629,human_cell
865,nilutamide,-0.5903907,-0.07188398,virus
866,nimodipine,-1.3355398,-0.05299695,fungus
867,nisoldipine,0.64611316,-0.1412004,virus
868,nitazoxanide,-1.4173224,-0.066423416,virus
869,nitrazepam,0.4920113,0.07731893,human_cell
870,nitric,-1.5040517,0.017662719,bacteria
871,nitrite,-1.8512688,0.09916291,bacteria
872,nitrofurantoin,-0.5054281,-0.11794275,virus
873,nitrogen,0.10222697,0.22702876,human_cell
874,nitroglycerin,1.0534375,0.16376539,human_cell
875,nitroprusside,-1.5055254,0.049793616,fungus
876,nitrous,-1.4880898,0.09556699,bacteria
877,nizatidine,-1.2011957,-0.091290414,virus
878,norepinephrine,-1.5866408,0.06508364,bacteria
879,norethisterone,1.0651882,0.28837445,human_cell
880,norfloxacin,0.98646426,0.061971575,human_cell
881,nortriptyline,0.59731984,-0.030485258,human_cell
882,novolog,2.0207584,0.00834094,human_cell
883,nsc,-2.2356925,-0.012478933,fungus
884,ntbc,-0.8394208,-0.074585974,fungus
885,nuvaring,1.4524219,0.16925521,human_cell
886,nuvocid,-1.4521685,-0.10341826,fungus
887,nystatin,-2.0320063,-0.0023810565,fungus
888,o291,-2.1116056,0.04076074,fungus
889,ocrh,-0.9415169,0.4473435,bacteria
890,octreotide,3.3320916,-0.062128335,human_cell
891,oestrogen,0.41769433,-0.078502595,human_cell
892,ofatumumab,-0.33474398,-0.18191734,virus
893,ofloxacin,4.493885,-0.25488746,human_cell
894,ogen,0.14427543,-0.027808651,human_cell
895,olanzapine,4.15324,-0.1913982,human_cell
896,olmesartan,1.085151,-0.059924588,human_cell
897,olodaterol,-1.971875,-0.026396886,fungus
898,olopatadine,0.19218612,-0.07077196,virus
899,olsalazine,-0.08717561,-0.14640135,virus
900,omeprazole,2.857103,-0.24483639,virus
901,ondansetron,0.5470998,-0.013778508,human_cell
902,optison,0.3264463,-0.093583375,virus
903,org,0.25043464,0.36575872,human_cell
904,orlistat,0.9704635,0.0020148307,human_cell
905,orphenadrine,-1.657115,-0.038810715,fungus
906,oseltamivir,0.75218415,-0.09073803,virus
907,ospemifene,-1.6821365,0.15769519,fungus
908,oxacillin,-1.4413626,-0.018357158,fungus
909,oxaliplatin,2.9688241,-0.08574808,human_cell
910,oxandrolone,-1.4340758,0.15381658,bacteria
911,oxaprozin,-0.0045309067,-0.06619179,virus
912,oxazepam,-1.3424416,-0.02548252,bacteria
913,oxcarbazepine,2.1401336,-0.20912185,virus
914,oxiconazole,-1.388046,0.24650644,bacteria
915,oxprenolol,-1.6128957,0.05894254,bacteria
916,oxybutynin,1.6863148,-0.2631559,virus
917,oxycodone,3.1634066,-0.04655814,human_cell
918,oxymetholone,-1.0805628,0.23081267,bacteria
919,oxymorphone,-0.23708057,-0.0481572,virus
920,oxytetracycline,-1.939158,-0.0403976,fungus
921,oxytocin,0.0053887367,0.59790206,human_cell
922,p-aminohippurate,-2.3757703,0.0767677,fungus
923,paclitaxel,4.924082,-0.017715976,human_cell
924,paliperidone,4.294675,0.13010803,human_cell
925,palonosetron,0.41964555,-0.044154257,human_cell
926,pamidronate,1.816664,0.14752951,human_cell
927,pancuronium,-1.6961029,0.1280443,bacteria
928,pantoprazole,2.860851,-0.31875548,virus
929,papaverine,-1.8918092,0.039256707,bacteria
930,paraldehyde,-1.1075304,0.038768917,virus
931,parecoxib,-0.62995815,-0.12445113,virus
932,paricalcitol,0.8434317,-0.1357468,human_cell
933,paromomycin,-2.7846344,0.13577755,fungus
934,paroven,-2.3767383,0.03539397,fungus
935,paroxetine,6.5295935,0.055932224,human_cell
936,pazopanib,2.5843961,0.10240528,human_cell
937,pci-32765,-0.9725826,-0.0800333,virus
938,pegaptanib,4.371257,-0.06409666,human_cell
939,pemetrexed,0.40522647,0.012470871,human_cell
940,pemirolast,-2.1996434,0.02139178,fungus
941,penbutolol,-1.6251736,0.018113896,bacteria
942,penciclovir,-1.4099522,-0.13831913,virus
943,penicillin,1.7429416,0.31465054,human_cell
944,pentamidine,1.6454294,-0.15544826,virus
945,pentastarch,-2.2203102,-0.0051589757,fungus
946,pentazocine,-0.7412741,-0.033845633,virus
947,pentobarbital,-1.5891714,-0.026536897,bacteria
948,pentosan,-0.60423803,-0.13480905,virus
949,pentostatin,0.41757798,-0.20884377,virus
950,pentoxifylline,-0.123343706,-0.00069083273,human_cell
951,pep005,0.58860517,0.13202088,human_cell
952,perampanel,-1.0852206,-0.0815016,virus
953,pergolide,2.2737935,-0.2121447,virus
954,perhexiline,-1.1569967,0.04500994,bacteria
955,perindopril,1.8554523,-0.022151649,human_cell
956,perindoprilat,-1.4754822,-0.03376466,bacteria
957,permethrin,-2.1048913,-0.004598394,fungus
958,perphenazine,1.205715,0.20318487,human_cell
959,pertechnetate,-2.824928,0.17078057,fungus
960,pge1,3.0716012,0.20384096,human_cell
961,pge2,1.1513784,0.20348357,human_cell
962,phencyclidine,-0.8542597,0.018639863,human_cell
963,phendimetrazine,-1.3673644,0.22778058,bacteria
964,phenelzine,-0.744683,-0.025671184,virus
965,phenobarbital,-0.36248732,-0.072423995,virus
966,phenoxybenzamine,-2.4574609,0.08148579,fungus
967,phentermine,-0.9568696,0.21041004,bacteria
968,phentolamine,-1.5721734,-0.013389811,fungus
969,phenylazo,-1.8926687,0.1780239,bacteria
970,phenylbutyric,-1.1613383,-0.013842881,bacteria
971,phenylephrine,-0.3570521,-0.0321123,virus
972,phenyllactate,-1.9514966,-0.040422514,fungus
973,phenylpropanolamine,-0.96103907,0.0054172575,bacteria
974,phenytoin,2.444403,-0.083563864,human_cell
975,phosphate,0.09527278,0.02478747,human_cell
976,photofrin,3.8928998,0.52004266,human_cell
977,physostigmine,-2.5655768,0.14511731,bacteria
978,pilocarpine,1.1089914,-0.10151926,virus
979,pimecrolimus,1.4694092,0.009917453,human_cell
980,pimozide,-0.10912609,-0.036369607,human_cell
981,pinaverium,-2.31824,0.07085966,fungus
982,pindolol,-0.20748019,-0.024879754,virus
983,pioglitazone,-0.03736067,-0.010319009,human_cell
984,piperacillin,-0.27329278,-0.11343408,virus
985,pirbuterol,-1.0612054,0.037360057,bacteria
986,pirfenidone,-1.2963936,-0.104313016,virus
987,piroxicam,0.24753594,-0.1426025,virus
988,pitavastatin,-1.5372918,-0.023383036,fungus
989,pixantrone,0.62656045,-0.03816493,human_cell
990,pizotifen,-2.2221918,0.03245093,fungus
991,podophyllotoxin,-0.27128673,0.034353122,fungus
992,poly(styrene,-1.6822078,0.12172111,bacteria
993,polymyxin,-2.081049,0.04178676,bacteria
994,polyoxyethylene,-1.0815835,0.27136582,bacteria
995,polythiazide,-1.6636856,-0.013370335,fungus
996,pomalidomide,-0.4522295,-0.15518123,virus
997,ponatinib,1.5742648,-0.04897608,human_cell
998,posaconazole,5.920189,0.017972171,human_cell
999,potassium,0.072846174,0.06542847,human_cell
1000,pralatrexate,-1.8200667,-0.054139465,fungus
1001,pralidoxime,-1.9354607,0.11510996,bacteria
1002,pramipexole,6.9115553,0.12351683,human_cell
1003,prasugrel,-0.86188674,0.039422452,bacteria
1004,pravastatin,0.71589017,-0.13215813,human_cell
1005,praziquantel,-1.6165915,0.018619373,bacteria
1006,prazosin,-0.8347709,-0.056281254,virus
1007,prednefrin,-1.6941392,0.20183232,fungus
1008,prednicarbate,-1.904248,-0.101516575,fungus
1009,prednisolone,1.8641956,0.026921034,human_cell
1010,prednisone,3.5344012,0.16384137,human_cell
1011,pregabalin,8.529609,-0.18596697,human_cell
1012,prilocaine,1.0738194,0.099718735,human_cell
1013,primaquine,-2.5985234,0.08305096,fungus
1014,primidone,-1.5835257,-0.03356558,fungus
1015,probenecid,-2.1163378,0.019050732,fungus
1016,procainamide,0.2650211,0.26512656,bacteria
1017,procaine,-0.62949514,0.17669936,bacteria
1018,procarbazine,0.535084,-0.10017425,virus
1019,prochlorperazine,0.8747308,0.053295866,human_cell
1020,progesterone,2.6915329,-0.14935577,human_cell
1021,proguanil,-2.0465288,-0.05287327,fungus
1022,promacta,-1.5500855,-0.099636585,fungus
1023,promethazine,-0.20239353,0.009672239,bacteria
1024,propafenone,3.7612574,-0.17573962,human_cell
1025,propantheline,-1.2664831,0.07638958,bacteria
1026,proparacaine,0.098143816,0.33380765,human_cell
1027,propericiazine,0.114429235,-0.05123402,human_cell
1028,propofol,1.998965,0.1011137,human_cell
1029,propoxyphene,-0.88848686,-0.041166186,virus
1030,propranolol,0.51442313,0.07357289,human_cell
1031,propylthiouracil,-0.74335957,0.14695823,bacteria
1032,prostacyclin,0.50523496,-0.16338238,virus
1033,prostaglandin,0.5638473,0.4941324,human_cell
1034,protirelin,-1.5531006,0.102893844,bacteria
1035,protriptyline,-0.15067506,0.016527057,bacteria
1036,prucalopride,-1.5862453,-0.09357822,fungus
1037,prussian,-2.3457437,0.5780264,bacteria
1038,pyrantel,-2.3766935,0.057887018,fungus
1039,pyrazinamide,0.072212934,-0.11221266,virus
1040,pyridostigmine,0.69648194,-0.010995463,virus
1041,pyridoxine,-2.7461216,0.07806603,fungus
1042,pyrimethamine,-2.0132036,-0.07401103,fungus
1043,quazepam,-2.5453625,0.039578035,fungus
1044,quetiapine,3.6650336,-0.18601438,human_cell
1045,quinapril,-0.81903195,-0.11405033,virus
1046,quinaprilat,-1.1434784,-0.0519398,virus
1047,quinidine,2.5345514,-0.06764436,human_cell
1048,quinol,-2.4054315,0.06725693,fungus
1049,rabeprazole,2.3537676,-0.25021693,virus
1050,radium,-1.7435601,0.020344332,fungus
1051,raloxifene,-0.616276,-0.09976411,virus
1052,raltegravir,2.8411772,0.0045736283,human_cell
1053,raltitrexed,-1.1906264,-0.002802223,bacteria
1054,ramelteon,-1.6643836,0.20106651,bacteria
1055,ramipril,1.1244953,-0.117218405,human_cell
1056,ramiprilat,-0.6104255,-0.095493436,virus
1057,ranitidine,-0.2680018,0.035310373,human_cell
1058,ranolazine,-0.36239862,-0.056533724,virus
1059,rapamycin,3.0504081,-0.16347447,human_cell
1060,rasagiline,2.0322955,-0.24649012,virus
1061,rasburicase,-1.2603569,-0.025736228,bacteria
1062,reboxetine,0.78793883,-0.15186259,human_cell
1063,refludan,-0.21160173,-0.019761398,bacteria
1064,regadenoson,0.40971446,0.018880725,human_cell
1065,regorafenib,-0.35180736,-0.084748864,virus
1066,remifentanil,0.7770841,0.087231964,human_cell
1067,repaglinide,-1.2322009,-0.021076247,bacteria
1068,rescinnamine,-0.9178183,-0.12204558,virus
1069,reserpine,-1.4994545,0.0051468313,bacteria
1070,retapamulin,-2.1115668,-0.02585572,fungus
1071,retigabine,-0.80662084,-0.06688273,virus
1072,retinoic,5.6773777,-0.013615489,human_cell
1073,retinol,-2.747007,0.13916528,fungus
1074,revasc,-1.0427701,-0.06350821,virus
1075,ribavirin,5.3817625,-0.84233737,virus
1076,rifabutin,-0.5409472,0.029798672,bacteria
1077,rifampicin,0.44019437,-0.08720186,virus
1078,rifapentine,1.0531962,-0.19936046,virus
1079,rifaximin,0.21972203,-0.14403906,virus
1080,rilpivirine,-0.86798334,-0.072582334,fungus
1081,riluzole,3.425987,-0.23067024,human_cell
1082,rimantadine,-1.1380215,-0.02917622,bacteria
1083,rimexolone,-1.4068758,0.011760533,bacteria
1084,rimonabant,-0.615993,-0.11131251,virus
1085,riociguat,-1.8927333,-0.047295034,fungus
1086,risedronate,0.3501637,-0.20975116,virus
1087,risperidone,7.965829,0.08996804,human_cell
1088,ritonavir,2.6952646,-0.14045572,human_cell
1089,rivaroxaban,-0.1545887,-0.096025705,human_cell
1090,rivastigmine,4.1387653,-0.1712665,human_cell
1091,rizatriptan,0.49830985,-0.11434135,virus
1092,rocuronium,-1.1973307,0.05237411,bacteria
1093,rofecoxib,2.1812522,-0.09999421,human_cell
1094,roflumilast,-1.2600493,-0.09417266,virus
1095,romidepsin,-0.57606053,-0.011492625,bacteria
1096,ropinirole,8.02044,-0.10794428,human_cell
1097,ropivacaine,3.361635,0.29730588,human_cell
1098,rosiglitazone,-0.7723129,-0.031794637,bacteria
1099,rosuvastatin,-0.9437299,-0.082238376,virus
1100,rotigotine,1.3737366,-0.0345082,human_cell
1101,roxithromycin,-0.6825969,-0.014592797,virus
1102,rufinamide,-0.5313175,-0.09783459,virus
1103,ruxolitinib,-1.3110664,-0.02666223,fungus
1104,s-benzoylmercaptoacetyltriglycine,-2.5257554,0.04908304,fungus
1105,sacrosidase,-2.470013,0.052181333,fungus
1106,salbutamol,1.9231265,0.054414913,human_cell
1107,salicylate,-1.2790146,-0.02896811,bacteria
1108,salmeterol,0.8633325,-0.14984468,virus
1109,salmon,1.598572,-0.08301836,human_cell
1110,salsalate,-2.1466703,0.039977998,fungus
1111,samarium,-1.3733633,-0.050304174,bacteria
1112,saquinavir,4.935561,0.014249027,human_cell
1113,sativex,-0.0962162,0.09392779,human_cell
1114,saxagliptin,-1.1655838,-0.012374461,bacteria
1115,scopolamine,-0.28481698,-0.015144795,human_cell
1116,secobarbital,-1.5369868,-0.038785055,bacteria
1117,selenium,-2.4199345,-0.06679985,fungus
1118,sertaconazole,-2.240017,-0.0065322965,fungus
1119,sertraline,3.8513997,-0.14931494,human_cell
1120,sevelamer,-1.1968141,0.0038647652,bacteria
1121,sevoflurane,0.545625,0.020161256,human_cell
1122,sibutramine,2.6080577,-0.23537868,virus
1123,signifor,-1.2313325,-0.049559906,fungus
1124,sildenafil,3.5150588,-0.09889507,human_cell
1125,silodosin,-1.1038089,-0.08251023,virus
1126,silver,-1.4673023,0.11736323,bacteria
1127,simvastatin,0.05288768,-0.1025137,virus
1128,sitagliptin,0.1483028,-0.08983153,virus
1129,sitaxsentan,7.096402,0.1977511,human_cell
1130,sodium,3.438565,-0.076982856,human_cell
1131,sofosbuvir,-0.46405602,-0.39787915,virus
1132,solifenacin,-0.30126238,-0.06456599,human_cell
1133,som230,-0.4858606,0.0069883913,bacteria
1134,sonovue,-1.7250404,-0.035117194,fungus
1135,sorafenib,1.8488524,0.007191688,human_cell
1136,sotalol,0.20404124,-0.036787614,human_cell
1137,sparfloxacin,1.0686843,-0.21826029,virus
1138,spectinomycin,-2.394618,0.07201172,fungus
1139,spinosad,-1.9165218,-0.10839939,fungus
1140,spironolactone,-1.2193928,-0.020635441,bacteria
1141,stalevo,0.13260627,0.020282716,human_cell
1142,stavudine,0.2587149,-0.22770536,virus
1143,stiripentol,-1.7985389,-0.0251102,fungus
1144,streptomycin,-1.7045488,0.128218,bacteria
1145,streptozotocin,0.5238974,0.010308415,human_cell
1146,strontium,-0.928776,-0.07913518,fungus
1147,su5416,0.9634106,-0.061741427,human_cell
1148,succinylcholine,-0.7744093,0.10831356,bacteria
1149,sufentanil,-1.7463162,0.001714468,bacteria
1150,sugammadex,0.7974918,0.3144914,human_cell
1151,sulconazole,-2.3996077,-0.022738948,fungus
1152,sulfacetamide,-2.0285482,0.03704758,bacteria
1153,sulfadiazine,-0.58220625,0.027037844,bacteria
1154,sulfamethoxazole,-0.62446976,-0.018734321,bacteria
1155,sulfasalazine,1.24981,-0.02315101,human_cell
1156,sulfonamide,-2.867271,0.16761677,fungus
1157,sulindac,0.20056415,-0.07059005,human_cell
1158,sumatriptan,5.0874033,0.047717005,human_cell
1159,sunitinib,4.070446,-0.07014412,human_cell
1160,supremon,1.9912822,-0.09365672,human_cell
1161,suprofen,-2.1442733,0.050094455,fungus
1162,suvorexant,-1.3365605,-0.114320576,fungus
1163,symlin,-2.3201358,0.01666893,fungus
1164,t-a2-3,-1.7452865,-0.032722652,fungus
1165,tacrolimus,7.9105453,0.090554,human_cell
1166,tadalafil,0.6340716,-0.11297092,human_cell
1167,tadenan,-2.6746871,0.026862472,fungus
1168,tafamidis,-2.610592,0.022695214,fungus
1169,tafluprost,-0.233773,0.110485144,bacteria
1170,tamoxifen,1.8242614,-0.0015744418,human_cell
1171,tamsulosin,0.44762206,0.0117910355,human_cell
1172,tapentadol,-0.077555895,-0.14302424,virus
1173,tasimelteon,-2.690945,0.09927557,fungus
1174,tazarotene,-1.1792288,-0.16008589,virus
1175,technetium-99m,-0.8950107,-0.024542347,bacteria
1176,teduglutide,-0.6605656,-0.09352657,virus
1177,tegaserod,0.537585,0.09319511,human_cell
1178,telavancin,-0.019748688,-0.13015795,virus
1179,telithromycin,0.20112443,-0.20918602,virus
1180,telmisartan,0.7953484,-0.20519432,virus
1181,temazepam,-0.1903286,-0.09659836,virus
1182,temozolomide,1.4469311,-0.23368672,virus
1183,temsirolimus,1.146312,-0.2799093,virus
1184,teniposide,-0.9731307,0.03003408,bacteria
1185,tenofovir,-0.049915075,-0.2114754,virus
1186,tenoxicam,-1.1978059,-0.08858517,virus
1187,terazosin,-0.31964087,-0.10621202,virus
1188,terbinafine,0.3967793,-0.18575299,virus
1189,terbutaline,-1.8530538,0.04860209,bacteria
1190,terconazole,-2.089426,-0.0010441095,fungus
1191,terlipressin,-0.52288127,0.2758691,human_cell
1192,tesamorelin,-1.039722,-0.05083643,virus
1193,testolactone,-2.3973947,0.027024,fungus
1194,testosterone,7.8990307,0.7183527,human_cell
1195,tetrabenazine,0.19780087,0.24043292,human_cell
1196,tetracaine,-0.53543806,0.026262388,virus
1197,tetracycline,-1.4441941,-0.04247114,bacteria
1198,tetraen,-1.5116904,-0.069087,fungus
1199,tetrahydrobiopterin,-0.19659019,-0.0991306,virus
1200,tetrahydrozoline,-1.9809518,0.10907202,fungus
1201,tetrofosmin,-1.7044582,0.056093737,bacteria
1202,thalidomide,3.442427,-0.20315889,human_cell
1203,theophylline,0.03943968,-0.010975316,human_cell
1204,thiabendazole,-1.1430297,-0.10518026,virus
1205,thiamine,-1.7170217,0.04292044,bacteria
1206,thiazide,-1.2304192,-0.034272328,fungus
1207,thioridazine,0.15938067,0.076322794,human_cell
1208,thiosulfate,-2.2117946,0.11748728,fungus
1209,thiotepa,1.6121886,-0.05964151,human_cell
1210,thiothixene,-0.73168993,0.013025045,bacteria
1211,thymidine,-0.014411926,-0.04919277,virus
1212,thyroxine,0.24013638,0.09649972,virus
1213,tiagabine,1.6773598,-0.27019867,virus
1214,tiaprofenic,-0.17997766,-0.099743456,virus
1215,tibolone,-0.9731462,0.24770455,bacteria
1216,ticagrelor,0.940572,0.027256697,human_cell
1217,ticlopidine,-0.37300658,-0.048835814,virus
1218,tigecycline,0.8854587,-0.12167299,human_cell
1219,tiludronate,-2.2938445,0.0014591813,fungus
1220,timentin,-2.0646167,-0.011141762,fungus
1221,timolol,1.356188,-0.08620185,human_cell
1222,tinidazole,-0.7820637,-0.0540386,virus
1223,tiopronin,-1.0497065,0.10017539,bacteria
1224,tiotropium,0.30573106,0.07097345,human_cell
1225,tipranavir,0.57967687,-0.15773529,virus
1226,tirofiban,-0.52352333,0.44675654,bacteria
1227,tizanidine,1.1161215,-0.26487777,virus
1228,tlcl,-2.3038619,0.048152015,fungus
1229,tmc207,-1.8162515,-0.015174061,fungus
1230,tmc435,-2.177515,-0.015452459,fungus
1231,tobramycin,1.3853209,0.085472144,human_cell
1232,tofacitinib,-0.14041877,0.0021964759,virus
1233,tolazamide,-1.6537447,-0.028508514,fungus
1234,tolbutamide,-1.7659254,-0.024019256,fungus
1235,tolcapone,2.0494497,-0.17843074,virus
1236,tolmetin,-1.4942896,-0.026094094,fungus
1237,tolterodine,-1.4900832,-0.047135636,virus
1238,tolvaptan,-0.77447605,0.0979316,bacteria
1239,topiramate,6.7393055,0.18265407,human_cell
1240,topotecan,-0.23985958,-0.17019787,virus
1241,torasemide,-0.61792445,0.09741853,bacteria
1242,toremifene,-0.7325232,-0.10019937,virus
1243,tpgs,-0.9530034,0.69094336,bacteria
1244,tr-700,-1.6137981,-0.058999255,fungus
1245,trabectedin,-0.60568666,-0.10004929,virus
1246,tramadol,9.2997265,0.3934253,human_cell
1247,tramazoline,-1.4878256,0.043702543,bacteria
1248,trametinib,0.33308816,-0.1592614,virus
1249,trandolapril,0.9155357,-0.15853503,virus
1250,trandolaprilat,-0.5302706,0.05590667,bacteria
1251,tranexamic,0.8082216,0.1724305,human_cell
1252,trans,-0.95628977,0.07185252,bacteria
1253,tranylcypromine,0.0348835,0.080378525,human_cell
1254,travoprost,3.0453045,0.028432697,human_cell
1255,trazodone,1.4085782,-0.062096134,human_cell
1256,treprostinil,0.38670897,-0.02525422,human_cell
1257,triamcinolone,3.4394534,0.2170195,human_cell
1258,triamterene,-1.991437,0.027530804,fungus
1259,triazolam,0.2501948,-0.11358446,virus
1260,triclosan,-1.3172936,0.9460634,bacteria
1261,trien,-1.009654,0.26562202,human_cell
1262,trifluoperazine,0.4175713,0.09551937,human_cell
1263,trifluorothymidine,-0.5430138,-0.2195046,virus
1264,trihexyphenidyl,-1.3703566,0.05723864,bacteria
1265,triiodothyronine,-2.3623793,0.0739983,fungus
1266,trimethadione,-0.7116308,0.15070583,human_cell
1267,trimethobenzamide,-2.2475038,0.08282059,fungus
1268,trimethoprim,-0.6962731,-0.10860357,virus
1269,trimethoprim-sulfamethoxazole,-0.7824242,-0.08444667,bacteria
1270,trimetrexate,-2.2569304,-0.012249544,fungus
1271,trimipramine,-0.18726993,0.014831871,bacteria
1272,triphasil,-1.5326812,0.045313194,bacteria
1273,triptorelin,1.2535379,0.040969104,human_cell
1274,tris,-1.753057,0.10468554,bacteria
1275,trisequens,-0.032660723,-0.12112734,virus
1276,troglitazone,-1.7496781,0.06547239,bacteria
1277,tropicamide,-0.969928,0.09042996,bacteria
1278,tropisetron,-1.7639396,-0.010645956,fungus
1279,trospium,0.0040585995,-0.16702846,virus
1280,trovafloxacin,0.9572394,-0.0850029,virus
1281,udca,1.40329,-0.3021164,virus
1282,ulipristal,-2.5590634,0.018570766,fungus
1283,umeclidinium,-1.3664739,-0.094415784,fungus
1284,unoprostone,-1.1586411,-0.08813584,fungus
1285,ustekinumab,-0.67721343,-0.12727964,virus
1286,v,3.1943161,-0.13155404,human_cell
1287,vacv,-0.17086267,-0.20324218,virus
1288,valdecoxib,2.8509214,-0.12492955,human_cell
1289,valganciclovir,1.2446735,-0.19000527,virus
1290,vallergan,-1.0297675,0.05221288,bacteria
1291,valproate,3.6690948,0.028178066,human_cell
1292,valrubicin,-1.500438,-0.04270275,fungus
1293,valsartan,-0.44911408,-0.13581917,virus
1294,vancocine,0.6698797,0.13037282,bacteria
1295,vandetanib,2.9697983,0.22192805,human_cell
1296,vardenafil,1.2687657,-0.019158557,human_cell
1297,varenicline,3.4395702,-0.15132034,human_cell
1298,vasopressin,-1.6273289,0.12908532,bacteria
1299,vecuronium,-0.26867938,0.16253455,human_cell
1300,vemurafenib,0.04060197,0.2005209,human_cell
1301,venlafaxine,5.1153564,-0.2754058,human_cell
1302,verapamil,0.6662667,0.034118712,human_cell
1303,vernakalant,0.042479515,0.10781749,human_cell
1304,verteporfin,1.0408452,0.027403772,human_cell
1305,vigabatrin,4.637224,0.41216034,human_cell
1306,vilazodone,-1.169987,-0.0836232,virus
1307,vildagliptin,-1.7667046,-0.07037181,fungus
1308,vinblastine,-1.1678493,0.0015720874,bacteria
1309,vincristine,1.206742,0.13999619,human_cell
1310,vinflunine,3.257291,-0.060246587,human_cell
1311,vinorelbine,0.989835,0.04969701,human_cell
1312,vismodegib,-1.5146713,-0.05519879,fungus
1313,vitamin,-0.075918436,0.25819036,human_cell
1314,vitrum,-0.9525287,-0.0129068345,bacteria
1315,vorapaxar,-2.1085856,0.089161016,bacteria
1316,voriconazole,3.8119318,-0.19259033,human_cell
1317,vorinostat,0.21481776,0.21852818,human_cell
1318,warfarin,-0.023379326,0.04541257,human_cell
1319,westcort,-1.6545739,-0.17042527,fungus
1320,x,-1.3449154,-0.10032022,fungus
1321,yttrium,-1.8872962,0.70043457,human_cell
1322,zafirlukast,-0.90481687,-0.03389658,bacteria
1323,zalcitabine,3.4044096,0.023553431,human_cell
1324,zaleplon,1.6229775,-0.30597818,virus
1325,zanamivir,-0.6592653,-0.24188906,virus
1326,ziconotide,0.9213774,-0.13018933,human_cell
1327,zidovudine,0.6807692,-0.1692107,virus
1328,zidovudine/lamivudine,-0.06445718,-0.08042809,virus
1329,zileuton,-1.2880325,-0.060526147,virus
1330,zinc,-2.7952962,0.12790537,fungus
1331,ziprasidone,3.2483046,-0.1544044,human_cell
1332,zncl2,3.194412,2.7507453,human_cell
1333,zoledronic,2.0525243,-0.053017884,human_cell
1334,zolmitriptan,1.8452051,-0.18721119,virus
1335,zolpidem,2.6321166,-0.03904693,human_cell
1336,zonisamide,1.7242768,-0.22092259,virus
1337,zopiclone,1.5599611,-0.2293309,virus
1338,zuclopenthixol,0.83088326,-0.108938575,virus
1339,zyprexa,0.18116498,0.018937677,human_cell
